Date,Used

02-15-2016 13:00,27
02-15-2016 13:05,26
02-15-2016 13:10,26
02-15-2016 13:15,25
02-15-2016 13:20,24
02-15-2016 13:25,23
02-15-2016 13:30,24
02-15-2016 13:35,23
02-15-2016 13:40,24
02-15-2016 13:45,25
02-15-2016 13:50,28
02-15-2016 13:55,28
02-15-2016 14:00,26
02-15-2016 14:05,24
02-15-2016 14:10,23
02-15-2016 14:15,25
02-15-2016 14:20,25
02-15-2016 14:25,24
02-15-2016 14:30,25
02-15-2016 14:35,25
02-15-2016 14:40,24
02-15-2016 14:45,27
02-15-2016 14:50,28
02-15-2016 14:55,28
02-15-2016 15:00,28
02-15-2016 15:05,27
02-15-2016 15:10,28
02-15-2016 15:15,28
02-15-2016 15:20,27
02-15-2016 15:25,26
02-15-2016 15:30,25
02-15-2016 15:35,25
02-15-2016 15:40,23
02-15-2016 15:45,21
02-15-2016 15:50,20
02-15-2016 15:55,21
02-15-2016 16:00,18
02-15-2016 16:05,17
02-15-2016 16:10,17
02-15-2016 16:15,17
02-15-2016 16:20,17
02-15-2016 16:25,17
02-15-2016 16:30,17
02-15-2016 16:35,16
02-15-2016 16:40,16
02-15-2016 16:45,16
02-15-2016 16:50,16
02-15-2016 16:55,16
02-15-2016 17:00,17
02-15-2016 17:05,16
02-15-2016 17:10,16
02-15-2016 17:15,16
02-15-2016 17:20,16
02-15-2016 17:25,16
02-15-2016 17:30,16
02-15-2016 17:35,16
02-15-2016 17:40,16
02-15-2016 17:45,16
02-15-2016 17:50,17
02-15-2016 17:55,17
02-15-2016 18:00,17
02-15-2016 18:05,17
02-15-2016 18:10,17
02-15-2016 18:15,17
02-15-2016 18:20,17
02-15-2016 18:25,17
02-15-2016 18:30,17
02-15-2016 18:35,17
02-15-2016 18:40,17
02-15-2016 18:45,17
02-15-2016 18:50,18
02-15-2016 18:55,18
02-15-2016 19:00,18
02-15-2016 19:05,19
02-15-2016 19:10,19
02-15-2016 19:15,19
02-15-2016 19:20,19
02-15-2016 19:25,19
02-15-2016 19:30,18
02-15-2016 19:35,18
02-15-2016 19:40,18
02-15-2016 19:45,18
02-15-2016 19:50,17
02-15-2016 19:55,17
02-15-2016 20:00,17
02-15-2016 20:05,17
02-15-2016 20:10,17
02-15-2016 20:15,18
02-15-2016 20:20,18
02-15-2016 20:25,18
02-15-2016 20:30,18
02-15-2016 20:35,18
02-15-2016 20:40,18
02-15-2016 20:45,17
02-15-2016 20:50,17
02-15-2016 20:55,16
02-15-2016 21:00,16
02-15-2016 21:05,16
02-15-2016 21:10,15
02-15-2016 21:15,13
02-15-2016 21:20,13
02-15-2016 21:25,13
02-15-2016 21:30,13
02-15-2016 21:35,13
02-15-2016 21:40,13
02-15-2016 21:45,13
02-15-2016 21:50,13
02-15-2016 21:55,13
02-15-2016 22:00,15
02-15-2016 22:05,15
02-15-2016 22:10,15
02-15-2016 22:15,15
02-15-2016 22:20,15
02-15-2016 22:25,15
02-15-2016 22:30,15
02-15-2016 22:35,16
02-15-2016 22:40,16
02-15-2016 22:45,17
02-15-2016 22:50,17
02-15-2016 22:55,17
02-15-2016 23:00,17
02-15-2016 23:05,17
02-15-2016 23:10,18
02-15-2016 23:15,18
02-15-2016 23:20,18
02-15-2016 23:25,18
02-15-2016 23:30,18
02-15-2016 23:35,18
02-15-2016 23:40,18
02-15-2016 23:45,18
02-15-2016 23:50,18
02-15-2016 23:55,18
02-16-2016 00:00,18
02-16-2016 00:05,18
02-16-2016 00:10,18
02-16-2016 00:15,18
02-16-2016 00:20,18
02-16-2016 00:25,18
02-16-2016 00:30,18
02-16-2016 00:35,18
02-16-2016 00:40,18
02-16-2016 00:45,18
02-16-2016 00:50,18
02-16-2016 00:55,18
02-16-2016 01:00,18
02-16-2016 01:05,18
02-16-2016 01:10,18
02-16-2016 01:15,18
02-16-2016 01:20,18
02-16-2016 01:25,18
02-16-2016 01:30,18
02-16-2016 01:35,18
02-16-2016 01:40,18
02-16-2016 01:45,18
02-16-2016 01:50,18
02-16-2016 01:55,18
02-16-2016 02:00,18
02-16-2016 02:05,18
02-16-2016 02:10,18
02-16-2016 02:15,18
02-16-2016 02:20,18
02-16-2016 02:25,18
02-16-2016 02:30,18
02-16-2016 02:35,18
02-16-2016 02:40,18
02-16-2016 02:45,18
02-16-2016 02:50,18
02-16-2016 02:55,18
02-16-2016 03:00,16
02-16-2016 03:05,16
02-16-2016 03:10,16
02-16-2016 03:15,16
02-16-2016 03:20,16
02-16-2016 03:25,16
02-16-2016 03:30,16
02-16-2016 03:35,15
02-16-2016 03:40,14
02-16-2016 03:45,14
02-16-2016 03:50,14
02-16-2016 03:55,13
02-16-2016 04:00,14
02-16-2016 04:05,14
02-16-2016 04:10,15
02-16-2016 04:15,15
02-16-2016 04:20,15
02-16-2016 04:25,15
02-16-2016 04:30,15
02-16-2016 04:35,15
02-16-2016 04:40,15
02-16-2016 04:45,15
02-16-2016 04:50,15
02-16-2016 04:55,15
02-16-2016 05:00,15
02-16-2016 05:05,15
02-16-2016 05:10,15
02-16-2016 05:15,15
02-16-2016 05:20,19
02-16-2016 05:25,18
02-16-2016 05:30,19
02-16-2016 05:35,19
02-16-2016 05:40,21
02-16-2016 05:45,22
02-16-2016 05:50,21
02-16-2016 05:55,21
02-16-2016 06:00,21
02-16-2016 06:05,21
02-16-2016 06:10,21
02-16-2016 06:15,21
02-16-2016 06:20,22
02-16-2016 06:25,22
02-16-2016 06:30,22
02-16-2016 06:35,22
02-16-2016 06:40,22
02-16-2016 06:45,22
02-16-2016 06:50,22
02-16-2016 06:55,23
02-16-2016 07:00,22
02-16-2016 07:05,22
02-16-2016 07:10,22
02-16-2016 07:15,22
02-16-2016 07:20,22
02-16-2016 07:25,21
02-16-2016 07:30,21
02-16-2016 07:35,24
02-16-2016 07:40,24
02-16-2016 07:45,25
02-16-2016 07:50,26
02-16-2016 07:55,26
02-16-2016 08:00,25
02-16-2016 08:05,24
02-16-2016 08:10,24
02-16-2016 08:15,24
02-16-2016 08:20,24
02-16-2016 08:25,24
02-16-2016 08:30,24
02-16-2016 08:35,25
02-16-2016 08:40,25
02-16-2016 08:45,25
02-16-2016 08:50,25
02-16-2016 08:55,28
02-16-2016 09:00,27
02-16-2016 09:05,27
02-16-2016 09:10,28
02-16-2016 09:15,28
02-16-2016 09:20,29
02-16-2016 09:25,29
02-16-2016 09:30,29
02-16-2016 09:35,28
02-16-2016 09:40,29
02-16-2016 09:45,29
02-16-2016 09:50,29
02-16-2016 09:55,30
02-16-2016 10:00,30
02-16-2016 10:05,30
02-16-2016 10:10,32
02-16-2016 10:15,32
02-16-2016 10:20,33
02-16-2016 10:25,33
02-16-2016 10:30,33
02-16-2016 10:35,34
02-16-2016 10:40,34
02-16-2016 10:45,34
02-16-2016 10:50,33
02-16-2016 10:55,36
02-16-2016 11:00,37
02-16-2016 11:05,38
02-16-2016 11:10,38
02-16-2016 11:15,38
02-16-2016 11:20,38
02-16-2016 11:25,37
02-16-2016 11:30,37
02-16-2016 11:35,37
02-16-2016 11:40,37
02-16-2016 11:45,35
02-16-2016 11:50,35
02-16-2016 11:55,36
02-16-2016 12:00,35
02-16-2016 12:05,30
02-16-2016 12:10,29
02-16-2016 12:15,28
02-16-2016 12:20,27
02-16-2016 12:25,27
02-16-2016 12:30,31
02-16-2016 12:35,31
02-16-2016 12:40,33
02-16-2016 12:45,33
02-16-2016 12:50,32
02-16-2016 12:55,32
02-16-2016 13:00,32
02-16-2016 13:05,33
02-16-2016 13:10,32
02-16-2016 13:15,31
02-16-2016 13:20,31
02-16-2016 13:25,31
02-16-2016 13:30,31
02-16-2016 13:35,31
02-16-2016 13:40,32
02-16-2016 13:45,31
02-16-2016 13:50,34
02-16-2016 13:55,34
02-16-2016 14:00,34
02-16-2016 14:05,33
02-16-2016 14:10,29
02-16-2016 14:15,29
02-16-2016 14:20,28
02-16-2016 14:25,28
02-16-2016 14:30,26
02-16-2016 14:35,26
02-16-2016 14:40,26
02-16-2016 14:45,26
02-16-2016 14:50,29
02-16-2016 14:55,31
02-16-2016 15:00,31
02-16-2016 15:05,31
02-16-2016 15:10,31
02-16-2016 15:15,29
02-16-2016 15:20,30
02-16-2016 15:25,31
02-16-2016 15:30,31
02-16-2016 15:35,31
02-16-2016 15:40,31
02-16-2016 15:45,30
02-16-2016 15:50,30
02-16-2016 15:55,30
02-16-2016 16:00,30
02-16-2016 16:05,26
02-16-2016 16:10,26
02-16-2016 16:15,26
02-16-2016 16:20,26
02-16-2016 16:25,26
02-16-2016 16:30,25
02-16-2016 16:35,25
02-16-2016 16:40,26
02-16-2016 16:45,26
02-16-2016 16:50,22
02-16-2016 16:55,22
02-16-2016 17:00,22
02-16-2016 17:05,21
02-16-2016 17:10,21
02-16-2016 17:15,23
02-16-2016 17:20,23
02-16-2016 17:25,23
02-16-2016 17:30,23
02-16-2016 17:35,23
02-16-2016 17:40,23
02-16-2016 17:45,23
02-16-2016 17:50,23
02-16-2016 17:55,23
02-16-2016 18:00,23
02-16-2016 18:05,23
02-16-2016 18:10,21
02-16-2016 18:15,21
02-16-2016 18:20,21
02-16-2016 18:25,21
02-16-2016 18:30,21
02-16-2016 18:35,21
02-16-2016 18:40,21
02-16-2016 18:45,21
02-16-2016 18:50,22
02-16-2016 18:55,22
02-16-2016 19:00,23
02-16-2016 19:05,23
02-16-2016 19:10,23
02-16-2016 19:15,23
02-16-2016 19:20,23
02-16-2016 19:25,23
02-16-2016 19:30,23
02-16-2016 19:35,23
02-16-2016 19:40,23
02-16-2016 19:45,23
02-16-2016 19:50,23
02-16-2016 19:55,23
02-16-2016 20:00,22
02-16-2016 20:05,22
02-16-2016 20:10,22
02-16-2016 20:15,22
02-16-2016 20:20,22
02-16-2016 20:25,22
02-16-2016 20:30,22
02-16-2016 20:35,22
02-16-2016 20:40,22
02-16-2016 20:45,22
02-16-2016 20:50,22
02-16-2016 20:55,22
02-16-2016 21:00,22
02-16-2016 21:05,22
02-16-2016 21:10,22
02-16-2016 21:15,22
02-16-2016 21:20,21
02-16-2016 21:25,21
02-16-2016 21:30,21
02-16-2016 21:35,21
02-16-2016 21:40,21
02-16-2016 21:45,22
02-16-2016 21:50,22
02-16-2016 21:55,22
02-16-2016 22:00,22
02-16-2016 22:05,22
02-16-2016 22:10,22
02-16-2016 22:15,22
02-16-2016 22:20,22
02-16-2016 22:25,21
02-16-2016 22:30,21
02-16-2016 22:35,21
02-16-2016 22:40,21
02-16-2016 22:45,21
02-16-2016 22:50,21
02-16-2016 22:55,21
02-16-2016 23:00,21
02-16-2016 23:05,21
02-16-2016 23:10,22
02-16-2016 23:15,23
02-16-2016 23:20,23
02-16-2016 23:25,23
02-16-2016 23:30,23
02-16-2016 23:35,23
02-16-2016 23:40,23
02-16-2016 23:45,23
02-16-2016 23:50,23
02-16-2016 23:55,23
02-17-2016 00:00,23
02-17-2016 00:05,23
02-17-2016 00:10,23
02-17-2016 00:15,23
02-17-2016 00:20,23
02-17-2016 00:25,23
02-17-2016 00:30,23
02-17-2016 00:35,23
02-17-2016 00:40,23
02-17-2016 00:45,23
02-17-2016 00:50,23
02-17-2016 00:55,23
02-17-2016 01:00,23
02-17-2016 01:05,23
02-17-2016 01:10,23
02-17-2016 01:15,23
02-17-2016 01:20,23
02-17-2016 01:25,23
02-17-2016 01:30,23
02-17-2016 01:35,23
02-17-2016 01:40,23
02-17-2016 01:45,23
02-17-2016 01:50,23
02-17-2016 01:55,23
02-17-2016 02:00,23
02-17-2016 02:05,22
02-17-2016 02:10,22
02-17-2016 02:15,22
02-17-2016 02:20,23
02-17-2016 02:25,23
02-17-2016 02:30,23
02-17-2016 02:35,23
02-17-2016 02:40,23
02-17-2016 02:45,23
02-17-2016 02:50,23
02-17-2016 02:55,23
02-17-2016 03:00,23
02-17-2016 03:05,23
02-17-2016 03:10,23
02-17-2016 03:15,23
02-17-2016 03:20,23
02-17-2016 03:25,23
02-17-2016 03:30,23
02-17-2016 03:35,23
02-17-2016 03:40,23
02-17-2016 03:45,23
02-17-2016 03:50,22
02-17-2016 03:55,22
02-17-2016 04:00,22
02-17-2016 04:05,23
02-17-2016 04:10,22
02-17-2016 04:15,22
02-17-2016 04:20,22
02-17-2016 04:25,22
02-17-2016 04:30,22
02-17-2016 04:35,22
02-17-2016 04:40,22
02-17-2016 04:45,22
02-17-2016 04:50,22
02-17-2016 04:55,22
02-17-2016 05:00,22
02-17-2016 05:05,22
02-17-2016 05:10,24
02-17-2016 05:15,26
02-17-2016 05:20,26
02-17-2016 05:25,28
02-17-2016 05:30,28
02-17-2016 05:35,28
02-17-2016 05:40,28
02-17-2016 05:45,28
02-17-2016 05:50,28
02-17-2016 05:55,29
02-17-2016 06:00,29
02-17-2016 06:05,29
02-17-2016 06:10,29
02-17-2016 06:15,29
02-17-2016 06:20,29
02-17-2016 06:25,29
02-17-2016 06:30,29
02-17-2016 06:35,29
02-17-2016 06:40,29
02-17-2016 06:45,29
02-17-2016 06:50,29
02-17-2016 06:55,29
02-17-2016 07:00,29
02-17-2016 07:05,29
02-17-2016 07:10,29
02-17-2016 07:15,29
02-17-2016 07:20,29
02-17-2016 07:25,29
02-17-2016 07:30,30
02-17-2016 07:35,30
02-17-2016 07:40,30
02-17-2016 07:45,30
02-17-2016 07:50,30
02-17-2016 07:55,28
02-17-2016 08:00,28
02-17-2016 08:05,28
02-17-2016 08:10,28
02-17-2016 08:15,28
02-17-2016 08:20,28
02-17-2016 08:25,28
02-17-2016 08:30,29
02-17-2016 08:35,29
02-17-2016 08:40,30
02-17-2016 08:45,32
02-17-2016 08:50,36
02-17-2016 08:55,36
02-17-2016 09:00,36
02-17-2016 09:05,36
02-17-2016 09:10,36
02-17-2016 09:15,36
02-17-2016 09:20,37
02-17-2016 09:25,37
02-17-2016 09:30,37
02-17-2016 09:35,37
02-17-2016 09:40,37
02-17-2016 09:45,37
02-17-2016 09:50,37
02-17-2016 09:55,37
02-17-2016 10:00,37
02-17-2016 10:05,38
02-17-2016 10:10,38
02-17-2016 10:15,37
02-17-2016 10:20,39
02-17-2016 10:25,38
02-17-2016 10:30,35
02-17-2016 10:35,35
02-17-2016 10:40,35
02-17-2016 10:45,34
02-17-2016 10:50,38
02-17-2016 10:55,39
02-17-2016 11:00,39
02-17-2016 11:05,39
02-17-2016 11:10,39
02-17-2016 11:15,38
02-17-2016 11:20,38
02-17-2016 11:25,39
02-17-2016 11:30,36
02-17-2016 11:35,34
02-17-2016 11:40,34
02-17-2016 11:45,35
02-17-2016 11:50,34
02-17-2016 11:55,37
02-17-2016 12:00,34
02-17-2016 12:05,32
02-17-2016 12:10,34
02-17-2016 12:15,34
02-17-2016 12:20,33
02-17-2016 12:25,33
02-17-2016 12:30,34
02-17-2016 12:35,34
02-17-2016 12:40,37
02-17-2016 12:45,38
02-17-2016 12:50,36
02-17-2016 12:55,37
02-17-2016 13:00,37
02-17-2016 13:05,37
02-17-2016 13:10,37
02-17-2016 13:15,36
02-17-2016 13:20,34
02-17-2016 13:25,33
02-17-2016 13:30,33
02-17-2016 13:35,33
02-17-2016 13:40,33
02-17-2016 13:45,33
02-17-2016 13:50,34
02-17-2016 13:55,30
02-17-2016 14:00,30
02-17-2016 14:05,29
02-17-2016 14:10,29
02-17-2016 14:15,30
02-17-2016 14:20,31
02-17-2016 14:25,31
02-17-2016 14:30,31
02-17-2016 14:35,31
02-17-2016 14:40,31
02-17-2016 14:45,34
02-17-2016 14:50,34
02-17-2016 14:55,34
02-17-2016 15:00,34
02-17-2016 15:05,34
02-17-2016 15:10,34
02-17-2016 15:15,34
02-17-2016 15:20,33
02-17-2016 15:25,33
02-17-2016 15:30,33
02-17-2016 15:35,33
02-17-2016 15:40,33
02-17-2016 15:45,33
02-17-2016 15:50,33
02-17-2016 15:55,33
02-17-2016 16:00,33
02-17-2016 16:05,28
02-17-2016 16:10,27
02-17-2016 16:15,28
02-17-2016 16:20,28
02-17-2016 16:25,28
02-17-2016 16:30,28
02-17-2016 16:35,28
02-17-2016 16:40,28
02-17-2016 16:45,28
02-17-2016 16:50,28
02-17-2016 16:55,28
02-17-2016 17:00,28
02-17-2016 17:05,28
02-17-2016 17:10,29
02-17-2016 17:15,29
02-17-2016 17:20,29
02-17-2016 17:25,29
02-17-2016 17:30,30
02-17-2016 17:35,30
02-17-2016 17:40,30
02-17-2016 17:45,30
02-17-2016 17:50,30
02-17-2016 17:55,30
02-17-2016 18:00,30
02-17-2016 18:05,30
02-17-2016 18:10,30
02-17-2016 18:15,30
02-17-2016 18:20,30
02-17-2016 18:25,30
02-17-2016 18:30,30
02-17-2016 18:35,30
02-17-2016 18:40,30
02-17-2016 18:45,30
02-17-2016 18:50,30
02-17-2016 18:55,30
02-17-2016 19:00,30
02-17-2016 19:05,31
02-17-2016 19:10,31
02-17-2016 19:15,31
02-17-2016 19:20,31
02-17-2016 19:25,31
02-17-2016 19:30,31
02-17-2016 19:35,31
02-17-2016 19:40,31
02-17-2016 19:45,31
02-17-2016 19:50,31
02-17-2016 19:55,31
02-17-2016 20:00,27
02-17-2016 20:05,27
02-17-2016 20:10,27
02-17-2016 20:15,27
02-17-2016 20:20,26
02-17-2016 20:25,26
02-17-2016 20:30,26
02-17-2016 20:35,27
02-17-2016 20:40,27
02-17-2016 20:45,27
02-17-2016 20:50,27
02-17-2016 20:55,27
02-17-2016 21:00,27
02-17-2016 21:05,27
02-17-2016 21:10,27
02-17-2016 21:15,27
02-17-2016 21:20,27
02-17-2016 21:25,27
02-17-2016 21:30,27
02-17-2016 21:35,27
02-17-2016 21:40,27
02-17-2016 21:45,27
02-17-2016 21:50,27
02-17-2016 21:55,27
02-17-2016 22:00,27
02-17-2016 22:05,28
02-17-2016 22:10,28
02-17-2016 22:15,28
02-17-2016 22:20,28
02-17-2016 22:25,28
02-17-2016 22:30,28
02-17-2016 22:35,28
02-17-2016 22:40,28
02-17-2016 22:45,28
02-17-2016 22:50,28
02-17-2016 22:55,28
02-17-2016 23:00,28
02-17-2016 23:05,28
02-17-2016 23:10,28
02-17-2016 23:15,29
02-17-2016 23:20,29
02-17-2016 23:25,29
02-17-2016 23:30,29
02-17-2016 23:35,29
02-17-2016 23:40,29
02-17-2016 23:45,29
02-17-2016 23:50,29
02-17-2016 23:55,29
02-18-2016 00:00,29
02-18-2016 00:05,29
02-18-2016 00:10,29
02-18-2016 00:15,29
02-18-2016 00:20,29
02-18-2016 00:25,29
02-18-2016 00:30,29
02-18-2016 00:35,29
02-18-2016 00:40,29
02-18-2016 00:45,29
02-18-2016 00:50,29
02-18-2016 00:55,29
02-18-2016 01:00,29
02-18-2016 01:05,29
02-18-2016 01:10,29
02-18-2016 01:15,29
02-18-2016 01:20,29
02-18-2016 01:25,29
02-18-2016 01:30,30
02-18-2016 01:35,29
02-18-2016 01:40,29
02-18-2016 01:45,29
02-18-2016 01:50,29
02-18-2016 01:55,29
02-18-2016 02:00,29
02-18-2016 02:05,29
02-18-2016 02:10,30
02-18-2016 02:15,30
02-18-2016 02:20,30
02-18-2016 02:25,30
02-18-2016 02:30,29
02-18-2016 02:35,29
02-18-2016 02:40,29
02-18-2016 02:45,29
02-18-2016 02:50,29
02-18-2016 02:55,29
02-18-2016 03:00,29
02-18-2016 03:05,29
02-18-2016 03:10,29
02-18-2016 03:15,29
02-18-2016 03:20,30
02-18-2016 03:25,29
02-18-2016 03:30,29
02-18-2016 03:35,30
02-18-2016 03:40,30
02-18-2016 03:45,30
02-18-2016 03:50,30
02-18-2016 03:55,30
02-18-2016 04:00,30
02-18-2016 04:05,30
02-18-2016 04:10,30
02-18-2016 04:15,30
02-18-2016 04:20,30
02-18-2016 04:25,30
02-18-2016 04:30,30
02-18-2016 04:35,30
02-18-2016 04:40,30
02-18-2016 04:45,30
02-18-2016 04:50,30
02-18-2016 04:55,30
02-18-2016 05:00,30
02-18-2016 05:05,30
02-18-2016 05:10,33
02-18-2016 05:15,33
02-18-2016 05:20,33
02-18-2016 05:25,33
02-18-2016 05:30,33
02-18-2016 05:35,32
02-18-2016 05:40,32
02-18-2016 05:45,32
02-18-2016 05:50,32
02-18-2016 05:55,34
02-18-2016 06:00,35
02-18-2016 06:05,34
02-18-2016 06:10,34
02-18-2016 06:15,34
02-18-2016 06:20,34
02-18-2016 06:25,34
02-18-2016 06:30,34
02-18-2016 06:35,35
02-18-2016 06:40,35
02-18-2016 06:45,35
02-18-2016 06:50,35
02-18-2016 06:55,35
02-18-2016 07:00,33
02-18-2016 07:05,34
02-18-2016 07:10,33
02-18-2016 07:15,33
02-18-2016 07:20,33
02-18-2016 07:25,33
02-18-2016 07:30,33
02-18-2016 07:35,33
02-18-2016 07:40,33
02-18-2016 07:45,32
02-18-2016 07:50,31
02-18-2016 07:55,32
02-18-2016 08:00,30
02-18-2016 08:05,27
02-18-2016 08:10,27
02-18-2016 08:15,27
02-18-2016 08:20,28
02-18-2016 08:25,28
02-18-2016 08:30,27
02-18-2016 08:35,27
02-18-2016 08:40,27
02-18-2016 08:45,30
02-18-2016 08:50,30
02-18-2016 08:55,30
02-18-2016 09:00,30
02-18-2016 09:05,29
02-18-2016 09:10,29
02-18-2016 09:15,29
02-18-2016 09:20,30
02-18-2016 09:25,30
02-18-2016 09:30,30
02-18-2016 09:35,30
02-18-2016 09:40,29
02-18-2016 09:45,30
02-18-2016 09:50,32
02-18-2016 09:55,33
02-18-2016 10:00,33
02-18-2016 10:05,31
02-18-2016 10:10,33
02-18-2016 10:15,32
02-18-2016 10:20,32
02-18-2016 10:25,32
02-18-2016 10:30,32
02-18-2016 10:35,32
02-18-2016 10:40,30
02-18-2016 10:45,28
02-18-2016 10:50,32
02-18-2016 10:55,32
02-18-2016 11:00,32
02-18-2016 11:05,31
02-18-2016 11:10,31
02-18-2016 11:15,31
02-18-2016 11:20,32
02-18-2016 11:25,32
02-18-2016 11:30,32
02-18-2016 11:35,33
02-18-2016 11:40,33
02-18-2016 11:45,34
02-18-2016 11:50,40
02-18-2016 11:55,37
02-18-2016 12:00,36
02-18-2016 12:05,34
02-18-2016 12:10,34
02-18-2016 12:15,32
02-18-2016 12:20,31
02-18-2016 12:25,32
02-18-2016 12:30,32
02-18-2016 12:35,34
02-18-2016 12:40,34
02-18-2016 12:45,34
02-18-2016 12:50,34
02-18-2016 12:55,36
02-18-2016 13:00,37
02-18-2016 13:05,37
02-18-2016 13:10,35
02-18-2016 13:15,38
02-18-2016 13:20,36
02-18-2016 13:25,37
02-18-2016 13:30,36
02-18-2016 13:35,37
02-18-2016 13:40,36
02-18-2016 13:45,35
02-18-2016 13:50,34
02-18-2016 13:55,33
02-18-2016 14:00,32
02-18-2016 14:05,33
02-18-2016 14:10,33
02-18-2016 14:15,34
02-18-2016 14:20,33
02-18-2016 14:25,33
02-18-2016 14:30,33
02-18-2016 14:35,33
02-18-2016 14:40,32
02-18-2016 14:45,32
02-18-2016 14:50,30
02-18-2016 14:55,30
02-18-2016 15:00,29
02-18-2016 15:05,29
02-18-2016 15:10,28
02-18-2016 15:15,29
02-18-2016 15:20,29
02-18-2016 15:25,31
02-18-2016 15:30,31
02-18-2016 15:35,31
02-18-2016 15:40,31
02-18-2016 15:45,30
02-18-2016 15:50,31
02-18-2016 15:55,31
02-18-2016 16:00,33
02-18-2016 16:05,31
02-18-2016 16:10,32
02-18-2016 16:15,32
02-18-2016 16:20,32
02-18-2016 16:25,32
02-18-2016 16:30,32
02-18-2016 16:35,32
02-18-2016 16:40,31
02-18-2016 16:45,31
02-18-2016 16:50,32
02-18-2016 16:55,32
02-18-2016 17:00,32
02-18-2016 17:05,31
02-18-2016 17:10,31
02-18-2016 17:15,31
02-18-2016 17:20,31
02-18-2016 17:25,31
02-18-2016 17:30,31
02-18-2016 17:35,31
02-18-2016 17:40,31
02-18-2016 17:45,31
02-18-2016 17:50,31
02-18-2016 17:55,31
02-18-2016 18:00,31
02-18-2016 18:05,31
02-18-2016 18:10,31
02-18-2016 18:15,31
02-18-2016 18:20,31
02-18-2016 18:25,31
02-18-2016 18:30,28
02-18-2016 18:35,28
02-18-2016 18:40,28
02-18-2016 18:45,28
02-18-2016 18:50,28
02-18-2016 18:55,30
02-18-2016 19:00,31
02-18-2016 19:05,30
02-18-2016 19:10,30
02-18-2016 19:15,30
02-18-2016 19:20,30
02-18-2016 19:25,30
02-18-2016 19:30,30
02-18-2016 19:35,30
02-18-2016 19:40,31
02-18-2016 19:45,31
02-18-2016 19:50,31
02-18-2016 19:55,31
02-18-2016 20:00,27
02-18-2016 20:05,27
02-18-2016 20:10,27
02-18-2016 20:15,27
02-18-2016 20:20,27
02-18-2016 20:25,27
02-18-2016 20:30,27
02-18-2016 20:35,27
02-18-2016 20:40,27
02-18-2016 20:45,27
02-18-2016 20:50,27
02-18-2016 20:55,27
02-18-2016 21:00,27
02-18-2016 21:05,27
02-18-2016 21:10,27
02-18-2016 21:15,27
02-18-2016 21:20,27
02-18-2016 21:25,27
02-18-2016 21:30,27
02-18-2016 21:35,27
02-18-2016 21:40,27
02-18-2016 21:45,27
02-18-2016 21:50,27
02-18-2016 21:55,27
02-18-2016 22:00,27
02-18-2016 22:05,26
02-18-2016 22:10,26
02-18-2016 22:15,26
02-18-2016 22:20,26
02-18-2016 22:25,26
02-18-2016 22:30,26
02-18-2016 22:35,26
02-18-2016 22:40,27
02-18-2016 22:45,27
02-18-2016 22:50,27
02-18-2016 22:55,27
02-18-2016 23:00,27
02-18-2016 23:05,27
02-18-2016 23:10,26
02-18-2016 23:15,26
02-18-2016 23:20,26
02-18-2016 23:25,26
02-18-2016 23:30,26
02-18-2016 23:35,27
02-18-2016 23:40,27
02-18-2016 23:45,27
02-18-2016 23:50,27
02-18-2016 23:55,27
02-19-2016 00:00,27
02-19-2016 00:05,27
02-19-2016 00:10,27
02-19-2016 00:15,27
02-19-2016 00:20,27
02-19-2016 00:25,27
02-19-2016 00:30,27
02-19-2016 00:35,27
02-19-2016 00:40,27
02-19-2016 00:45,27
02-19-2016 00:50,27
02-19-2016 00:55,27
02-19-2016 01:00,27
02-19-2016 01:05,27
02-19-2016 01:10,27
02-19-2016 01:15,27
02-19-2016 01:20,28
02-19-2016 01:25,28
02-19-2016 01:30,28
02-19-2016 01:35,28
02-19-2016 01:40,28
02-19-2016 01:45,28
02-19-2016 01:50,28
02-19-2016 01:55,28
02-19-2016 02:00,28
02-19-2016 02:05,28
02-19-2016 02:10,28
02-19-2016 02:15,28
02-19-2016 02:20,28
02-19-2016 02:25,28
02-19-2016 02:30,28
02-19-2016 02:35,28
02-19-2016 02:40,28
02-19-2016 02:45,28
02-19-2016 02:50,28
02-19-2016 02:55,28
02-19-2016 03:00,28
02-19-2016 03:05,28
02-19-2016 03:10,28
02-19-2016 03:15,28
02-19-2016 03:20,28
02-19-2016 03:25,27
02-19-2016 03:30,27
02-19-2016 03:35,27
02-19-2016 03:40,27
02-19-2016 03:45,28
02-19-2016 03:50,28
02-19-2016 03:55,28
02-19-2016 04:00,26
02-19-2016 04:05,26
02-19-2016 04:10,26
02-19-2016 04:15,27
02-19-2016 04:20,27
02-19-2016 04:25,27
02-19-2016 04:30,27
02-19-2016 04:35,28
02-19-2016 04:40,28
02-19-2016 04:45,28
02-19-2016 04:50,29
02-19-2016 04:55,29
02-19-2016 05:00,29
02-19-2016 05:05,29
02-19-2016 05:10,29
02-19-2016 05:15,31
02-19-2016 05:20,32
02-19-2016 05:25,35
02-19-2016 05:30,35
02-19-2016 05:35,35
02-19-2016 05:40,34
02-19-2016 05:45,34
02-19-2016 05:50,34
02-19-2016 05:55,34
02-19-2016 06:00,34
02-19-2016 06:05,34
02-19-2016 06:10,34
02-19-2016 06:15,35
02-19-2016 06:20,35
02-19-2016 06:25,35
02-19-2016 06:30,35
02-19-2016 06:35,35
02-19-2016 06:40,35
02-19-2016 06:45,35
02-19-2016 06:50,35
02-19-2016 06:55,35
02-19-2016 07:00,35
02-19-2016 07:05,35
02-19-2016 07:10,37
02-19-2016 07:15,37
02-19-2016 07:20,37
02-19-2016 07:25,36
02-19-2016 07:30,35
02-19-2016 07:35,35
02-19-2016 07:40,36
02-19-2016 07:45,36
02-19-2016 07:50,36
02-19-2016 07:55,36
02-19-2016 08:00,36
02-19-2016 08:05,36
02-19-2016 08:10,35
02-19-2016 08:15,37
02-19-2016 08:20,37
02-19-2016 08:25,38
02-19-2016 08:30,39
02-19-2016 08:35,36
02-19-2016 08:40,37
02-19-2016 08:45,37
02-19-2016 08:50,37
02-19-2016 08:55,36
02-19-2016 09:00,35
02-19-2016 09:05,35
02-19-2016 09:10,34
02-19-2016 09:15,34
02-19-2016 09:20,35
02-19-2016 09:25,36
02-19-2016 09:30,34
02-19-2016 09:35,34
02-19-2016 09:40,34
02-19-2016 09:45,36
02-19-2016 09:50,36
02-19-2016 09:55,36
02-19-2016 10:00,36
02-19-2016 10:05,37
02-19-2016 10:10,37
02-19-2016 10:15,37
02-19-2016 10:20,37
02-19-2016 10:25,36
02-19-2016 10:30,36
02-19-2016 10:35,35
02-19-2016 10:40,36
02-19-2016 10:45,36
02-19-2016 10:50,40
02-19-2016 10:55,40
02-19-2016 11:00,40
02-19-2016 11:05,37
02-19-2016 11:10,39
02-19-2016 11:15,39
02-19-2016 11:20,39
02-19-2016 11:25,37
02-19-2016 11:30,37
02-19-2016 11:35,36
02-19-2016 11:40,36
02-19-2016 11:45,36
02-19-2016 11:50,39
02-19-2016 11:55,39
02-19-2016 12:00,39
02-19-2016 12:05,39
02-19-2016 12:10,39
02-19-2016 12:15,39
02-19-2016 12:20,40
02-19-2016 12:25,40
02-19-2016 12:30,38
02-19-2016 12:35,39
02-19-2016 12:40,38
02-19-2016 12:45,37
02-19-2016 12:50,37
02-19-2016 12:55,37
02-19-2016 13:00,38
02-19-2016 13:05,36
02-19-2016 13:10,36
02-19-2016 13:15,36
02-19-2016 13:20,35
02-19-2016 13:25,33
02-19-2016 13:30,33
02-19-2016 13:35,33
02-19-2016 13:40,31
02-19-2016 13:45,35
02-19-2016 13:50,34
02-19-2016 13:55,34
02-19-2016 14:00,34
02-19-2016 14:05,33
02-19-2016 14:10,33
02-19-2016 14:15,31
02-19-2016 14:20,30
02-19-2016 14:25,30
02-19-2016 14:30,29
02-19-2016 14:35,29
02-19-2016 14:40,32
02-19-2016 14:45,31
02-19-2016 14:50,32
02-19-2016 14:55,32
02-19-2016 15:00,32
02-19-2016 15:05,32
02-19-2016 15:10,33
02-19-2016 15:15,32
02-19-2016 15:20,32
02-19-2016 15:25,31
02-19-2016 15:30,31
02-19-2016 15:35,31
02-19-2016 15:40,30
02-19-2016 15:45,29
02-19-2016 15:50,29
02-19-2016 15:55,27
02-19-2016 16:00,27
02-19-2016 16:05,26
02-19-2016 16:10,25
02-19-2016 16:15,26
02-19-2016 16:20,26
02-19-2016 16:25,26
02-19-2016 16:30,26
02-19-2016 16:35,26
02-19-2016 16:40,26
02-19-2016 16:45,26
02-19-2016 16:50,26
02-19-2016 16:55,23
02-19-2016 17:00,23
02-19-2016 17:05,23
02-19-2016 17:10,23
02-19-2016 17:15,25
02-19-2016 17:20,25
02-19-2016 17:25,25
02-19-2016 17:30,25
02-19-2016 17:35,25
02-19-2016 17:40,25
02-19-2016 17:45,25
02-19-2016 17:50,25
02-19-2016 17:55,25
02-19-2016 18:00,25
02-19-2016 18:05,25
02-19-2016 18:10,24
02-19-2016 18:15,24
02-19-2016 18:20,25
02-19-2016 18:25,25
02-19-2016 18:30,25
02-19-2016 18:35,26
02-19-2016 18:40,26
02-19-2016 18:45,26
02-19-2016 18:50,26
02-19-2016 18:55,26
02-19-2016 19:00,26
02-19-2016 19:05,26
02-19-2016 19:10,26
02-19-2016 19:15,26
02-19-2016 19:20,26
02-19-2016 19:25,26
02-19-2016 19:30,26
02-19-2016 19:35,25
02-19-2016 19:40,25
02-19-2016 19:45,25
02-19-2016 19:50,25
02-19-2016 19:55,25
02-19-2016 20:00,25
02-19-2016 20:05,25
02-19-2016 20:10,25
02-19-2016 20:15,25
02-19-2016 20:20,25
02-19-2016 20:25,25
02-19-2016 20:30,25
02-19-2016 20:35,25
02-19-2016 20:40,25
02-19-2016 20:45,25
02-19-2016 20:50,25
02-19-2016 20:55,25
02-19-2016 21:00,25
02-19-2016 21:05,25
02-19-2016 21:10,25
02-19-2016 21:15,25
02-19-2016 21:20,25
02-19-2016 21:25,25
02-19-2016 21:30,25
02-19-2016 21:35,25
02-19-2016 21:40,25
02-19-2016 21:45,25
02-19-2016 21:50,25
02-19-2016 21:55,25
02-19-2016 22:00,25
02-19-2016 22:05,24
02-19-2016 22:10,25
02-19-2016 22:15,25
02-19-2016 22:20,25
02-19-2016 22:25,25
02-19-2016 22:30,25
02-19-2016 22:35,25
02-19-2016 22:40,25
02-19-2016 22:45,25
02-19-2016 22:50,25
02-19-2016 22:55,25
02-19-2016 23:00,25
02-19-2016 23:05,25
02-19-2016 23:10,25
02-19-2016 23:15,25
02-19-2016 23:20,25
02-19-2016 23:25,25
02-19-2016 23:30,25
02-19-2016 23:35,25
02-19-2016 23:40,25
02-19-2016 23:45,25
02-19-2016 23:50,25
02-19-2016 23:55,25
02-20-2016 00:00,25
02-20-2016 00:05,25
02-20-2016 00:10,25
02-20-2016 00:15,25
02-20-2016 00:20,25
02-20-2016 00:25,25
02-20-2016 00:30,25
02-20-2016 00:35,25
02-20-2016 00:40,25
02-20-2016 00:45,25
02-20-2016 00:50,25
02-20-2016 00:55,25
02-20-2016 01:00,25
02-20-2016 01:05,25
02-20-2016 01:10,25
02-20-2016 01:15,25
02-20-2016 01:20,25
02-20-2016 01:25,25
02-20-2016 01:30,25
02-20-2016 01:35,25
02-20-2016 01:40,25
02-20-2016 01:45,25
02-20-2016 01:50,25
02-20-2016 01:55,25
02-20-2016 02:00,25
02-20-2016 02:05,25
02-20-2016 02:10,25
02-20-2016 02:15,25
02-20-2016 02:20,25
02-20-2016 02:25,25
02-20-2016 02:30,25
02-20-2016 02:35,25
02-20-2016 02:40,25
02-20-2016 02:45,25
02-20-2016 02:50,25
02-20-2016 02:55,25
02-20-2016 03:00,25
02-20-2016 03:05,25
02-20-2016 03:10,25
02-20-2016 03:15,25
02-20-2016 03:20,25
02-20-2016 03:25,25
02-20-2016 03:30,25
02-20-2016 03:35,25
02-20-2016 03:40,25
02-20-2016 03:45,25
02-20-2016 03:50,25
02-20-2016 03:55,25
02-20-2016 04:00,25
02-20-2016 04:05,25
02-20-2016 04:10,25
02-20-2016 04:15,25
02-20-2016 04:20,25
02-20-2016 04:25,25
02-20-2016 04:30,26
02-20-2016 04:35,26
02-20-2016 04:40,26
02-20-2016 04:45,25
02-20-2016 04:50,27
02-20-2016 04:55,27
02-20-2016 05:00,27
02-20-2016 05:05,27
02-20-2016 05:10,27
02-20-2016 05:15,28
02-20-2016 05:20,27
02-20-2016 05:25,27
02-20-2016 05:30,29
02-20-2016 05:35,28
02-20-2016 05:40,28
02-20-2016 05:45,28
02-20-2016 05:50,29
02-20-2016 05:55,29
02-20-2016 06:00,28
02-20-2016 06:05,27
02-20-2016 06:10,26
02-20-2016 06:15,26
02-20-2016 06:20,26
02-20-2016 06:25,26
02-20-2016 06:30,25
02-20-2016 06:35,26
02-20-2016 06:40,26
02-20-2016 06:45,26
02-20-2016 06:50,26
02-20-2016 06:55,26
02-20-2016 07:00,27
02-20-2016 07:05,27
02-20-2016 07:10,28
02-20-2016 07:15,29
02-20-2016 07:20,29
02-20-2016 07:25,29
02-20-2016 07:30,34
02-20-2016 07:35,34
02-20-2016 07:40,36
02-20-2016 07:45,35
02-20-2016 07:50,34
02-20-2016 07:55,33
02-20-2016 08:00,34
02-20-2016 08:05,35
02-20-2016 08:10,36
02-20-2016 08:15,36
02-20-2016 08:20,36
02-20-2016 08:25,36
02-20-2016 08:30,36
02-20-2016 08:35,35
02-20-2016 08:40,34
02-20-2016 08:45,36
02-20-2016 08:50,36
02-20-2016 08:55,36
02-20-2016 09:00,35
02-20-2016 09:05,36
02-20-2016 09:10,36
02-20-2016 09:15,35
02-20-2016 09:20,35
02-20-2016 09:25,35
02-20-2016 09:30,35
02-20-2016 09:35,35
02-20-2016 09:40,35
02-20-2016 09:45,36
02-20-2016 09:50,35
02-20-2016 09:55,35
02-20-2016 10:00,35
02-20-2016 10:05,35
02-20-2016 10:10,35
02-20-2016 10:15,34
02-20-2016 10:20,34
02-20-2016 10:25,34
02-20-2016 10:30,34
02-20-2016 10:35,33
02-20-2016 10:40,33
02-20-2016 10:45,33
02-20-2016 10:50,33
02-20-2016 10:55,33
02-20-2016 11:00,33
02-20-2016 11:05,33
02-20-2016 11:10,33
02-20-2016 11:15,33
02-20-2016 11:20,33
02-20-2016 11:25,32
02-20-2016 11:30,32
02-20-2016 11:35,32
02-20-2016 11:40,32
02-20-2016 11:45,32
02-20-2016 11:50,32
02-20-2016 11:55,32
02-20-2016 12:00,33
02-20-2016 12:05,33
02-20-2016 12:10,33
02-20-2016 12:15,33
02-20-2016 12:20,32
02-20-2016 12:25,32
02-20-2016 12:30,32
02-20-2016 12:35,33
02-20-2016 12:40,33
02-20-2016 12:45,33
02-20-2016 12:50,33
02-20-2016 12:55,33
02-20-2016 13:00,33
02-20-2016 13:05,33
02-20-2016 13:10,33
02-20-2016 13:15,33
02-20-2016 13:20,33
02-20-2016 13:25,33
02-20-2016 13:30,34
02-20-2016 13:35,35
02-20-2016 13:40,36
02-20-2016 13:45,36
02-20-2016 13:50,35
02-20-2016 13:55,35
02-20-2016 14:00,35
02-20-2016 14:05,33
02-20-2016 14:10,37
02-20-2016 14:15,36
02-20-2016 14:20,35
02-20-2016 14:25,35
02-20-2016 14:30,35
02-20-2016 14:35,36
02-20-2016 14:40,36
02-20-2016 14:45,37
02-20-2016 14:50,37
02-20-2016 14:55,37
02-20-2016 15:00,37
02-20-2016 15:05,38
02-20-2016 15:10,38
02-20-2016 15:15,39
02-20-2016 15:20,39
02-20-2016 15:25,39
02-20-2016 15:30,39
02-20-2016 15:35,39
02-20-2016 15:40,39
02-20-2016 15:45,38
02-20-2016 15:50,38
02-20-2016 15:55,38
02-20-2016 16:00,32
02-20-2016 16:05,29
02-20-2016 16:10,29
02-20-2016 16:15,29
02-20-2016 16:20,29
02-20-2016 16:25,29
02-20-2016 16:30,29
02-20-2016 16:35,30
02-20-2016 16:40,30
02-20-2016 16:45,30
02-20-2016 16:50,30
02-20-2016 16:55,30
02-20-2016 17:00,31
02-20-2016 17:05,31
02-20-2016 17:10,31
02-20-2016 17:15,31
02-20-2016 17:20,31
02-20-2016 17:25,31
02-20-2016 17:30,32
02-20-2016 17:35,32
02-20-2016 17:40,32
02-20-2016 17:45,32
02-20-2016 17:50,32
02-20-2016 17:55,32
02-20-2016 18:00,31
02-20-2016 18:05,31
02-20-2016 18:10,31
02-20-2016 18:15,31
02-20-2016 18:20,31
02-20-2016 18:25,31
02-20-2016 18:30,31
02-20-2016 18:35,32
02-20-2016 18:40,32
02-20-2016 18:45,32
02-20-2016 18:50,32
02-20-2016 18:55,32
02-20-2016 19:00,32
02-20-2016 19:05,32
02-20-2016 19:10,32
02-20-2016 19:15,32
02-20-2016 19:20,32
02-20-2016 19:25,32
02-20-2016 19:30,31
02-20-2016 19:35,34
02-20-2016 19:40,34
02-20-2016 19:45,34
02-20-2016 19:50,31
02-20-2016 19:55,31
02-20-2016 20:00,31
02-20-2016 20:05,31
02-20-2016 20:10,31
02-20-2016 20:15,31
02-20-2016 20:20,31
02-20-2016 20:25,31
02-20-2016 20:30,31
02-20-2016 20:35,34
02-20-2016 20:40,34
02-20-2016 20:45,34
02-20-2016 20:50,34
02-20-2016 20:55,34
02-20-2016 21:00,34
02-20-2016 21:05,36
02-20-2016 21:10,36
02-20-2016 21:15,36
02-20-2016 21:20,36
02-20-2016 21:25,36
02-20-2016 21:30,36
02-20-2016 21:35,35
02-20-2016 21:40,35
02-20-2016 21:45,35
02-20-2016 21:50,35
02-20-2016 21:55,36
02-20-2016 22:00,36
02-20-2016 22:05,36
02-20-2016 22:10,36
02-20-2016 22:15,36
02-20-2016 22:20,36
02-20-2016 22:25,36
02-20-2016 22:30,36
02-20-2016 22:35,38
02-20-2016 22:40,38
02-20-2016 22:45,38
02-20-2016 22:50,38
02-20-2016 22:55,36
02-20-2016 23:00,36
02-20-2016 23:05,29
02-20-2016 23:10,27
02-20-2016 23:15,27
02-20-2016 23:20,27
02-20-2016 23:25,27
02-20-2016 23:30,27
02-20-2016 23:35,28
02-20-2016 23:40,27
02-20-2016 23:45,26
02-20-2016 23:50,26
02-20-2016 23:55,26
02-21-2016 00:00,27
02-21-2016 00:05,27
02-21-2016 00:10,28
02-21-2016 00:15,28
02-21-2016 00:20,28
02-21-2016 00:25,28
02-21-2016 00:30,29
02-21-2016 00:35,29
02-21-2016 00:40,29
02-21-2016 00:45,29
02-21-2016 00:50,29
02-21-2016 00:55,30
02-21-2016 01:00,30
02-21-2016 01:05,30
02-21-2016 01:10,29
02-21-2016 01:15,29
02-21-2016 01:20,29
02-21-2016 01:25,29
02-21-2016 01:30,29
02-21-2016 01:35,29
02-21-2016 01:40,29
02-21-2016 01:45,29
02-21-2016 01:50,28
02-21-2016 01:55,28
02-21-2016 02:00,23
02-21-2016 02:05,22
02-21-2016 02:10,22
02-21-2016 02:15,22
02-21-2016 02:20,22
02-21-2016 02:25,22
02-21-2016 02:30,22
02-21-2016 02:35,22
02-21-2016 02:40,22
02-21-2016 02:45,22
02-21-2016 02:50,22
02-21-2016 02:55,22
02-21-2016 03:00,22
02-21-2016 03:05,22
02-21-2016 03:10,22
02-21-2016 03:15,22
02-21-2016 03:20,22
02-21-2016 03:25,22
02-21-2016 03:30,22
02-21-2016 03:35,22
02-21-2016 03:40,22
02-21-2016 03:45,22
02-21-2016 03:50,22
02-21-2016 03:55,23
02-21-2016 04:00,23
02-21-2016 04:05,23
02-21-2016 04:10,23
02-21-2016 04:15,23
02-21-2016 04:20,23
02-21-2016 04:25,23
02-21-2016 04:30,23
02-21-2016 04:35,23
02-21-2016 04:40,23
02-21-2016 04:45,23
02-21-2016 04:50,23
02-21-2016 04:55,28
02-21-2016 05:00,28
02-21-2016 05:05,28
02-21-2016 05:10,29
02-21-2016 05:15,29
02-21-2016 05:20,29
02-21-2016 05:25,30
02-21-2016 05:30,28
02-21-2016 05:35,28
02-21-2016 05:40,28
02-21-2016 05:45,29
02-21-2016 05:50,27
02-21-2016 05:55,29
02-21-2016 06:00,28
02-21-2016 06:05,28
02-21-2016 06:10,29
02-21-2016 06:15,29
02-21-2016 06:20,29
02-21-2016 06:25,29
02-21-2016 06:30,27
02-21-2016 06:35,28
02-21-2016 06:40,28
02-21-2016 06:45,28
02-21-2016 06:50,28
02-21-2016 06:55,28
02-21-2016 07:00,26
02-21-2016 07:05,26
02-21-2016 07:10,26
02-21-2016 07:15,24
02-21-2016 07:20,24
02-21-2016 07:25,24
02-21-2016 07:30,24
02-21-2016 07:35,24
02-21-2016 07:40,24
02-21-2016 07:45,23
02-21-2016 07:50,23
02-21-2016 07:55,23
02-21-2016 08:00,25
02-21-2016 08:05,25
02-21-2016 08:10,26
02-21-2016 08:15,27
02-21-2016 08:20,27
02-21-2016 08:25,27
02-21-2016 08:30,27
02-21-2016 08:35,27
02-21-2016 08:40,27
02-21-2016 08:45,27
02-21-2016 08:50,27
02-21-2016 08:55,28
02-21-2016 09:00,28
02-21-2016 09:05,28
02-21-2016 09:10,28
02-21-2016 09:15,28
02-21-2016 09:20,28
02-21-2016 09:25,27
02-21-2016 09:30,27
02-21-2016 09:35,27
02-21-2016 09:40,28
02-21-2016 09:45,28
02-21-2016 09:50,28
02-21-2016 09:55,28
02-21-2016 10:00,29
02-21-2016 10:05,29
02-21-2016 10:10,28
02-21-2016 10:15,28
02-21-2016 10:20,28
02-21-2016 10:25,28
02-21-2016 10:30,28
02-21-2016 10:35,29
02-21-2016 10:40,29
02-21-2016 10:45,29
02-21-2016 10:50,29
02-21-2016 10:55,26
02-21-2016 11:00,26
02-21-2016 11:05,26
02-21-2016 11:10,26
02-21-2016 11:15,26
02-21-2016 11:20,25
02-21-2016 11:25,25
02-21-2016 11:30,25
02-21-2016 11:35,25
02-21-2016 11:40,24
02-21-2016 11:45,24
02-21-2016 11:50,24
02-21-2016 11:55,24
02-21-2016 12:00,24
02-21-2016 12:05,24
02-21-2016 12:10,24
02-21-2016 12:15,24
02-21-2016 12:20,24
02-21-2016 12:25,24
02-21-2016 12:30,24
02-21-2016 12:35,24
02-21-2016 12:40,24
02-21-2016 12:45,24
02-21-2016 12:50,24
02-21-2016 12:55,24
02-21-2016 13:00,24
02-21-2016 13:05,24
02-21-2016 13:10,24
02-21-2016 13:15,24
02-21-2016 13:20,24
02-21-2016 13:25,24
02-21-2016 13:30,24
02-21-2016 13:35,24
02-21-2016 13:40,24
02-21-2016 13:45,27
02-21-2016 13:50,27
02-21-2016 13:55,27
02-21-2016 14:00,25
02-21-2016 14:05,25
02-21-2016 14:10,25
02-21-2016 14:15,25
02-21-2016 14:20,25
02-21-2016 14:25,25
02-21-2016 14:30,24
02-21-2016 14:35,24
02-21-2016 14:40,24
02-21-2016 14:45,24
02-21-2016 14:50,23
02-21-2016 14:55,24
02-21-2016 15:00,24
02-21-2016 15:05,24
02-21-2016 15:10,24
02-21-2016 15:15,24
02-21-2016 15:20,24
02-21-2016 15:25,24
02-21-2016 15:30,25
02-21-2016 15:35,25
02-21-2016 15:40,25
02-21-2016 15:45,25
02-21-2016 15:50,25
02-21-2016 15:55,25
02-21-2016 16:00,25
02-21-2016 16:05,25
02-21-2016 16:10,26
02-21-2016 16:15,26
02-21-2016 16:20,26
02-21-2016 16:25,27
02-21-2016 16:30,27
02-21-2016 16:35,27
02-21-2016 16:40,27
02-21-2016 16:45,27
02-21-2016 16:50,27
02-21-2016 16:55,27
02-21-2016 17:00,26
02-21-2016 17:05,27
02-21-2016 17:10,27
02-21-2016 17:15,27
02-21-2016 17:20,27
02-21-2016 17:25,28
02-21-2016 17:30,28
02-21-2016 17:35,28
02-21-2016 17:40,28
02-21-2016 17:45,28
02-21-2016 17:50,29
02-21-2016 17:55,30
02-21-2016 18:00,30
02-21-2016 18:05,30
02-21-2016 18:10,30
02-21-2016 18:15,30
02-21-2016 18:20,30
02-21-2016 18:25,30
02-21-2016 18:30,29
02-21-2016 18:35,30
02-21-2016 18:40,30
02-21-2016 18:45,30
02-21-2016 18:50,30
02-21-2016 18:55,30
02-21-2016 19:00,30
02-21-2016 19:05,30
02-21-2016 19:10,30
02-21-2016 19:15,30
02-21-2016 19:20,30
02-21-2016 19:25,30
02-21-2016 19:30,30
02-21-2016 19:35,30
02-21-2016 19:40,30
02-21-2016 19:45,30
02-21-2016 19:50,30
02-21-2016 19:55,30
02-21-2016 20:00,30
02-21-2016 20:05,29
02-21-2016 20:10,29
02-21-2016 20:15,29
02-21-2016 20:20,29
02-21-2016 20:25,29
02-21-2016 20:30,29
02-21-2016 20:35,29
02-21-2016 20:40,29
02-21-2016 20:45,29
02-21-2016 20:50,29
02-21-2016 20:55,29
02-21-2016 21:00,29
02-21-2016 21:05,28
02-21-2016 21:10,28
02-21-2016 21:15,28
02-21-2016 21:20,29
02-21-2016 21:25,30
02-21-2016 21:30,30
02-21-2016 21:35,30
02-21-2016 21:40,30
02-21-2016 21:45,30
02-21-2016 21:50,30
02-21-2016 21:55,31
02-21-2016 22:00,31
02-21-2016 22:05,31
02-21-2016 22:10,31
02-21-2016 22:15,31
02-21-2016 22:20,31
02-21-2016 22:25,31
02-21-2016 22:30,31
02-21-2016 22:35,31
02-21-2016 22:40,31
02-21-2016 22:45,31
02-21-2016 22:50,31
02-21-2016 22:55,19
02-21-2016 23:00,19
02-21-2016 23:05,19
02-21-2016 23:10,20
02-21-2016 23:15,20
02-21-2016 23:20,20
02-21-2016 23:25,20
02-21-2016 23:30,20
02-21-2016 23:35,19
02-21-2016 23:40,19
02-21-2016 23:45,18
02-21-2016 23:50,18
02-21-2016 23:55,18
02-22-2016 00:00,18
02-22-2016 00:05,18
02-22-2016 00:10,18
02-22-2016 00:15,18
02-22-2016 00:20,18
02-22-2016 00:25,18
02-22-2016 00:30,18
02-22-2016 00:35,18
02-22-2016 00:40,18
02-22-2016 00:45,18
02-22-2016 00:50,18
02-22-2016 00:55,18
02-22-2016 01:00,18
02-22-2016 01:05,18
02-22-2016 01:10,18
02-22-2016 01:15,18
02-22-2016 01:20,18
02-22-2016 01:25,18
02-22-2016 01:30,18
02-22-2016 01:35,18
02-22-2016 01:40,18
02-22-2016 01:45,18
02-22-2016 01:50,18
02-22-2016 01:55,18
02-22-2016 02:00,18
02-22-2016 02:05,18
02-22-2016 02:10,18
02-22-2016 02:15,18
02-22-2016 02:20,18
02-22-2016 02:25,18
02-22-2016 02:30,18
02-22-2016 02:35,18
02-22-2016 02:40,18
02-22-2016 02:45,18
02-22-2016 02:50,18
02-22-2016 02:55,18
02-22-2016 03:00,18
02-22-2016 03:05,18
02-22-2016 03:10,18
02-22-2016 03:15,18
02-22-2016 03:20,18
02-22-2016 03:25,18
02-22-2016 03:30,18
02-22-2016 03:35,18
02-22-2016 03:40,18
02-22-2016 03:45,18
02-22-2016 03:50,18
02-22-2016 03:55,18
02-22-2016 04:00,18
02-22-2016 04:05,18
02-22-2016 04:10,19
02-22-2016 04:15,19
02-22-2016 04:20,19
02-22-2016 04:25,19
02-22-2016 04:30,19
02-22-2016 04:35,19
02-22-2016 04:40,19
02-22-2016 04:45,19
02-22-2016 04:50,19
02-22-2016 04:55,19
02-22-2016 05:00,19
02-22-2016 05:05,19
02-22-2016 05:10,19
02-22-2016 05:15,19
02-22-2016 05:20,17
02-22-2016 05:25,21
02-22-2016 05:30,21
02-22-2016 05:35,24
02-22-2016 05:40,24
02-22-2016 05:45,24
02-22-2016 05:50,25
02-22-2016 05:55,25
02-22-2016 06:00,25
02-22-2016 06:05,25
02-22-2016 06:10,25
02-22-2016 06:15,25
02-22-2016 06:20,25
02-22-2016 06:25,25
02-22-2016 06:30,25
02-22-2016 06:35,28
02-22-2016 06:40,28
02-22-2016 06:45,28
02-22-2016 06:50,28
02-22-2016 06:55,28
02-22-2016 07:00,28
02-22-2016 07:05,28
02-22-2016 07:10,28
02-22-2016 07:15,28
02-22-2016 07:20,28
02-22-2016 07:25,28
02-22-2016 07:30,28
02-22-2016 07:35,27
02-22-2016 07:40,27
02-22-2016 07:45,27
02-22-2016 07:50,27
02-22-2016 07:55,26
02-22-2016 08:00,27
02-22-2016 08:05,27
02-22-2016 08:10,26
02-22-2016 08:15,26
02-22-2016 08:20,26
02-22-2016 08:25,26
02-22-2016 08:30,26
02-22-2016 08:35,26
02-22-2016 08:40,32
02-22-2016 08:45,32
02-22-2016 08:50,32
02-22-2016 08:55,32
02-22-2016 09:00,31
02-22-2016 09:05,30
02-22-2016 09:10,30
02-22-2016 09:15,30
02-22-2016 09:20,30
02-22-2016 09:25,30
02-22-2016 09:30,31
02-22-2016 09:35,32
02-22-2016 09:40,33
02-22-2016 09:45,33
02-22-2016 09:50,36
02-22-2016 09:55,36
02-22-2016 10:00,37
02-22-2016 10:05,37
02-22-2016 10:10,37
02-22-2016 10:15,36
02-22-2016 10:20,36
02-22-2016 10:25,36
02-22-2016 10:30,37
02-22-2016 10:35,37
02-22-2016 10:40,37
02-22-2016 10:45,37
02-22-2016 10:50,36
02-22-2016 10:55,36
02-22-2016 11:00,37
02-22-2016 11:05,37
02-22-2016 11:10,37
02-22-2016 11:15,34
02-22-2016 11:20,35
02-22-2016 11:25,34
02-22-2016 11:30,34
02-22-2016 11:35,33
02-22-2016 11:40,33
02-22-2016 11:45,34
02-22-2016 11:50,36
02-22-2016 11:55,36
02-22-2016 12:00,36
02-22-2016 12:05,36
02-22-2016 12:10,36
02-22-2016 12:15,38
02-22-2016 12:20,39
02-22-2016 12:25,39
02-22-2016 12:30,39
02-22-2016 12:35,38
02-22-2016 12:40,37
02-22-2016 12:45,39
02-22-2016 12:50,39
02-22-2016 12:55,38
02-22-2016 13:00,38
02-22-2016 13:05,35
02-22-2016 13:10,35
02-22-2016 13:15,33
02-22-2016 13:20,35
02-22-2016 13:25,35
02-22-2016 13:30,36
02-22-2016 13:35,36
02-22-2016 13:40,36
02-22-2016 13:45,35
02-22-2016 13:50,35
02-22-2016 13:55,38
02-22-2016 14:00,36
02-22-2016 14:05,35
02-22-2016 14:10,35
02-22-2016 14:15,32
02-22-2016 14:20,32
02-22-2016 14:25,32
02-22-2016 14:30,33
02-22-2016 14:35,31
02-22-2016 14:40,31
02-22-2016 14:45,32
02-22-2016 14:50,33
02-22-2016 14:55,35
02-22-2016 15:00,35
02-22-2016 15:05,35
02-22-2016 15:10,36
02-22-2016 15:15,34
02-22-2016 15:20,35
02-22-2016 15:25,35
02-22-2016 15:30,35
02-22-2016 15:35,35
02-22-2016 15:40,35
02-22-2016 15:45,35
02-22-2016 15:50,35
02-22-2016 15:55,35
02-22-2016 16:00,27
02-22-2016 16:05,27
02-22-2016 16:10,27
02-22-2016 16:15,27
02-22-2016 16:20,27
02-22-2016 16:25,27
02-22-2016 16:30,27
02-22-2016 16:35,27
02-22-2016 16:40,28
02-22-2016 16:45,28
02-22-2016 16:50,28
02-22-2016 16:55,28
02-22-2016 17:00,28
02-22-2016 17:05,28
02-22-2016 17:10,25
02-22-2016 17:15,25
02-22-2016 17:20,25
02-22-2016 17:25,25
02-22-2016 17:30,25
02-22-2016 17:35,25
02-22-2016 17:40,25
02-22-2016 17:45,25
02-22-2016 17:50,25
02-22-2016 17:55,25
02-22-2016 18:00,25
02-22-2016 18:05,25
02-22-2016 18:10,25
02-22-2016 18:15,25
02-22-2016 18:20,25
02-22-2016 18:25,25
02-22-2016 18:30,23
02-22-2016 18:35,23
02-22-2016 18:40,23
02-22-2016 18:45,23
02-22-2016 18:50,23
02-22-2016 18:55,24
02-22-2016 19:00,24
02-22-2016 19:05,24
02-22-2016 19:10,24
02-22-2016 19:15,24
02-22-2016 19:20,24
02-22-2016 19:25,24
02-22-2016 19:30,24
02-22-2016 19:35,24
02-22-2016 19:40,24
02-22-2016 19:45,24
02-22-2016 19:50,24
02-22-2016 19:55,23
02-22-2016 20:00,24
02-22-2016 20:05,25
02-22-2016 20:10,25
02-22-2016 20:15,26
02-22-2016 20:20,25
02-22-2016 20:25,25
02-22-2016 20:30,25
02-22-2016 20:35,25
02-22-2016 20:40,26
02-22-2016 20:45,29
02-22-2016 20:50,26
02-22-2016 20:55,26
02-22-2016 21:00,26
02-22-2016 21:05,26
02-22-2016 21:10,26
02-22-2016 21:15,26
02-22-2016 21:20,26
02-22-2016 21:25,26
02-22-2016 21:30,26
02-22-2016 21:35,26
02-22-2016 21:40,26
02-22-2016 21:45,26
02-22-2016 21:50,26
02-22-2016 21:55,26
02-22-2016 22:00,27
02-22-2016 22:05,25
02-22-2016 22:10,25
02-22-2016 22:15,23
02-22-2016 22:20,23
02-22-2016 22:25,23
02-22-2016 22:30,23
02-22-2016 22:35,23
02-22-2016 22:40,23
02-22-2016 22:45,23
02-22-2016 22:50,24
02-22-2016 22:55,24
02-22-2016 23:00,24
02-22-2016 23:05,24
02-22-2016 23:10,24
02-22-2016 23:15,24
02-22-2016 23:20,24
02-22-2016 23:25,24
02-22-2016 23:30,24
02-22-2016 23:35,24
02-22-2016 23:40,24
02-22-2016 23:45,24
02-22-2016 23:50,24
02-22-2016 23:55,24
02-23-2016 00:00,24
02-23-2016 00:05,24
02-23-2016 00:10,24
02-23-2016 00:15,24
02-23-2016 00:20,24
02-23-2016 00:25,24
02-23-2016 00:30,24
02-23-2016 00:35,24
02-23-2016 00:40,24
02-23-2016 00:45,24
02-23-2016 00:50,24
02-23-2016 00:55,24
02-23-2016 01:00,24
02-23-2016 01:05,24
02-23-2016 01:10,24
02-23-2016 01:15,24
02-23-2016 01:20,24
02-23-2016 01:25,24
02-23-2016 01:30,24
02-23-2016 01:35,24
02-23-2016 01:40,24
02-23-2016 01:45,24
02-23-2016 01:50,24
02-23-2016 01:55,24
02-23-2016 02:00,24
02-23-2016 02:05,24
02-23-2016 02:10,24
02-23-2016 02:15,24
02-23-2016 02:20,24
02-23-2016 02:25,24
02-23-2016 02:30,24
02-23-2016 02:35,24
02-23-2016 02:40,24
02-23-2016 02:45,24
02-23-2016 02:50,24
02-23-2016 02:55,23
02-23-2016 03:00,23
02-23-2016 03:05,23
02-23-2016 03:10,23
02-23-2016 03:15,23
02-23-2016 03:20,23
02-23-2016 03:25,24
02-23-2016 03:30,24
02-23-2016 03:35,24
02-23-2016 03:40,24
02-23-2016 03:45,24
02-23-2016 03:50,24
02-23-2016 03:55,24
02-23-2016 04:00,24
02-23-2016 04:05,24
02-23-2016 04:10,24
02-23-2016 04:15,24
02-23-2016 04:20,24
02-23-2016 04:25,24
02-23-2016 04:30,24
02-23-2016 04:35,24
02-23-2016 04:40,24
02-23-2016 04:45,24
02-23-2016 04:50,24
02-23-2016 04:55,24
02-23-2016 05:00,24
02-23-2016 05:05,23
02-23-2016 05:10,23
02-23-2016 05:15,23
02-23-2016 05:20,28
02-23-2016 05:25,29
02-23-2016 05:30,29
02-23-2016 05:35,29
02-23-2016 05:40,29
02-23-2016 05:45,29
02-23-2016 05:50,29
02-23-2016 05:55,29
02-23-2016 06:00,29
02-23-2016 06:05,29
02-23-2016 06:10,29
02-23-2016 06:15,29
02-23-2016 06:20,30
02-23-2016 06:25,29
02-23-2016 06:30,29
02-23-2016 06:35,29
02-23-2016 06:40,29
02-23-2016 06:45,32
02-23-2016 06:50,32
02-23-2016 06:55,31
02-23-2016 07:00,31
02-23-2016 07:05,31
02-23-2016 07:10,31
02-23-2016 07:15,31
02-23-2016 07:20,32
02-23-2016 07:25,32
02-23-2016 07:30,32
02-23-2016 07:35,32
02-23-2016 07:40,32
02-23-2016 07:45,32
02-23-2016 07:50,34
02-23-2016 07:55,34
02-23-2016 08:00,33
02-23-2016 08:05,33
02-23-2016 08:10,34
02-23-2016 08:15,34
02-23-2016 08:20,34
02-23-2016 08:25,34
02-23-2016 08:30,34
02-23-2016 08:35,35
02-23-2016 08:40,35
02-23-2016 08:45,34
02-23-2016 08:50,35
02-23-2016 08:55,35
02-23-2016 09:00,35
02-23-2016 09:05,36
02-23-2016 09:10,36
02-23-2016 09:15,35
02-23-2016 09:20,35
02-23-2016 09:25,35
02-23-2016 09:30,34
02-23-2016 09:35,34
02-23-2016 09:40,35
02-23-2016 09:45,34
02-23-2016 09:50,37
02-23-2016 09:55,36
02-23-2016 10:00,37
02-23-2016 10:05,36
02-23-2016 10:10,38
02-23-2016 10:15,38
02-23-2016 10:20,36
02-23-2016 10:25,36
02-23-2016 10:30,35
02-23-2016 10:35,35
02-23-2016 10:40,36
02-23-2016 10:45,35
02-23-2016 10:50,39
02-23-2016 10:55,38
02-23-2016 11:00,38
02-23-2016 11:05,39
02-23-2016 11:10,39
02-23-2016 11:15,37
02-23-2016 11:20,37
02-23-2016 11:25,37
02-23-2016 11:30,36
02-23-2016 11:35,36
02-23-2016 11:40,36
02-23-2016 11:45,38
02-23-2016 11:50,38
02-23-2016 11:55,38
02-23-2016 12:00,32
02-23-2016 12:05,34
02-23-2016 12:10,34
02-23-2016 12:15,33
02-23-2016 12:20,35
02-23-2016 12:25,35
02-23-2016 12:30,35
02-23-2016 12:35,37
02-23-2016 12:40,38
02-23-2016 12:45,37
02-23-2016 12:50,39
02-23-2016 12:55,39
02-23-2016 13:00,38
02-23-2016 13:05,37
02-23-2016 13:10,38
02-23-2016 13:15,35
02-23-2016 13:20,36
02-23-2016 13:25,36
02-23-2016 13:30,36
02-23-2016 13:35,37
02-23-2016 13:40,37
02-23-2016 13:45,40
02-23-2016 13:50,39
02-23-2016 13:55,38
02-23-2016 14:00,38
02-23-2016 14:05,37
02-23-2016 14:10,37
02-23-2016 14:15,33
02-23-2016 14:20,33
02-23-2016 14:25,33
02-23-2016 14:30,33
02-23-2016 14:35,31
02-23-2016 14:40,30
02-23-2016 14:45,29
02-23-2016 14:50,31
02-23-2016 14:55,32
02-23-2016 15:00,31
02-23-2016 15:05,33
02-23-2016 15:10,33
02-23-2016 15:15,32
02-23-2016 15:20,32
02-23-2016 15:25,32
02-23-2016 15:30,32
02-23-2016 15:35,31
02-23-2016 15:40,32
02-23-2016 15:45,32
02-23-2016 15:50,32
02-23-2016 15:55,31
02-23-2016 16:00,29
02-23-2016 16:05,26
02-23-2016 16:10,26
02-23-2016 16:15,26
02-23-2016 16:20,26
02-23-2016 16:25,26
02-23-2016 16:30,26
02-23-2016 16:35,27
02-23-2016 16:40,27
02-23-2016 16:45,27
02-23-2016 16:50,27
02-23-2016 16:55,27
02-23-2016 17:00,26
02-23-2016 17:05,25
02-23-2016 17:10,25
02-23-2016 17:15,25
02-23-2016 17:20,25
02-23-2016 17:25,25
02-23-2016 17:30,25
02-23-2016 17:35,25
02-23-2016 17:40,25
02-23-2016 17:45,25
02-23-2016 17:50,25
02-23-2016 17:55,25
02-23-2016 18:00,25
02-23-2016 18:05,23
02-23-2016 18:10,23
02-23-2016 18:15,23
02-23-2016 18:20,23
02-23-2016 18:25,22
02-23-2016 18:30,22
02-23-2016 18:35,22
02-23-2016 18:40,22
02-23-2016 18:45,23
02-23-2016 18:50,23
02-23-2016 18:55,23
02-23-2016 19:00,23
02-23-2016 19:05,25
02-23-2016 19:10,25
02-23-2016 19:15,25
02-23-2016 19:20,25
02-23-2016 19:25,25
02-23-2016 19:30,25
02-23-2016 19:35,25
02-23-2016 19:40,25
02-23-2016 19:45,25
02-23-2016 19:50,25
02-23-2016 19:55,25
02-23-2016 20:00,25
02-23-2016 20:05,32
02-23-2016 20:10,36
02-23-2016 20:15,36
02-23-2016 20:20,36
02-23-2016 20:25,36
02-23-2016 20:30,36
02-23-2016 20:35,36
02-23-2016 20:40,36
02-23-2016 20:45,36
02-23-2016 20:50,36
02-23-2016 20:55,36
02-23-2016 21:00,36
02-23-2016 21:05,36
02-23-2016 21:10,36
02-23-2016 21:15,36
02-23-2016 21:20,36
02-23-2016 21:25,36
02-23-2016 21:30,36
02-23-2016 21:35,36
02-23-2016 21:40,36
02-23-2016 21:45,36
02-23-2016 21:50,36
02-23-2016 21:55,34
02-23-2016 22:00,34
02-23-2016 22:05,34
02-23-2016 22:10,34
02-23-2016 22:15,34
02-23-2016 22:20,34
02-23-2016 22:25,34
02-23-2016 22:30,34
02-23-2016 22:35,34
02-23-2016 22:40,34
02-23-2016 22:45,34
02-23-2016 22:50,34
02-23-2016 22:55,34
02-23-2016 23:00,34
02-23-2016 23:05,34
02-23-2016 23:10,34
02-23-2016 23:15,34
02-23-2016 23:20,34
02-23-2016 23:25,34
02-23-2016 23:30,34
02-23-2016 23:35,34
02-23-2016 23:40,34
02-23-2016 23:45,34
02-23-2016 23:50,34
02-23-2016 23:55,34
02-24-2016 00:00,34
02-24-2016 00:05,34
02-24-2016 00:10,34
02-24-2016 00:15,34
02-24-2016 00:20,34
02-24-2016 00:25,34
02-24-2016 00:30,34
02-24-2016 00:35,34
02-24-2016 00:40,35
02-24-2016 00:45,35
02-24-2016 00:50,35
02-24-2016 00:55,34
02-24-2016 01:00,34
02-24-2016 01:05,34
02-24-2016 01:10,34
02-24-2016 01:15,34
02-24-2016 01:20,34
02-24-2016 01:25,34
02-24-2016 01:30,34
02-24-2016 01:35,34
02-24-2016 01:40,34
02-24-2016 01:45,34
02-24-2016 01:50,34
02-24-2016 01:55,34
02-24-2016 02:00,34
02-24-2016 02:05,34
02-24-2016 02:10,24
02-24-2016 02:15,21
02-24-2016 02:20,21
02-24-2016 02:25,21
02-24-2016 02:30,21
02-24-2016 02:35,21
02-24-2016 02:40,21
02-24-2016 02:45,21
02-24-2016 02:50,21
02-24-2016 02:55,21
02-24-2016 03:00,21
02-24-2016 03:05,21
02-24-2016 03:10,21
02-24-2016 03:15,21
02-24-2016 03:20,21
02-24-2016 03:25,21
02-24-2016 03:30,21
02-24-2016 03:35,21
02-24-2016 03:40,21
02-24-2016 03:45,21
02-24-2016 03:50,22
02-24-2016 03:55,22
02-24-2016 04:00,22
02-24-2016 04:05,22
02-24-2016 04:10,21
02-24-2016 04:15,21
02-24-2016 04:20,22
02-24-2016 04:25,22
02-24-2016 04:30,22
02-24-2016 04:35,22
02-24-2016 04:40,22
02-24-2016 04:45,22
02-24-2016 04:50,22
02-24-2016 04:55,22
02-24-2016 05:00,22
02-24-2016 05:05,22
02-24-2016 05:10,22
02-24-2016 05:15,27
02-24-2016 05:20,27
02-24-2016 05:25,26
02-24-2016 05:30,28
02-24-2016 05:35,28
02-24-2016 05:40,28
02-24-2016 05:45,28
02-24-2016 05:50,28
02-24-2016 05:55,29
02-24-2016 06:00,29
02-24-2016 06:05,29
02-24-2016 06:10,30
02-24-2016 06:15,30
02-24-2016 06:20,29
02-24-2016 06:25,29
02-24-2016 06:30,29
02-24-2016 06:35,29
02-24-2016 06:40,29
02-24-2016 06:45,32
02-24-2016 06:50,30
02-24-2016 06:55,30
02-24-2016 07:00,31
02-24-2016 07:05,31
02-24-2016 07:10,31
02-24-2016 07:15,31
02-24-2016 07:20,31
02-24-2016 07:25,31
02-24-2016 07:30,30
02-24-2016 07:35,30
02-24-2016 07:40,29
02-24-2016 07:45,29
02-24-2016 07:50,30
02-24-2016 07:55,29
02-24-2016 08:00,29
02-24-2016 08:05,28
02-24-2016 08:10,28
02-24-2016 08:15,27
02-24-2016 08:20,27
02-24-2016 08:25,32
02-24-2016 08:30,32
02-24-2016 08:35,32
02-24-2016 08:40,33
02-24-2016 08:45,33
02-24-2016 08:50,33
02-24-2016 08:55,33
02-24-2016 09:00,33
02-24-2016 09:05,32
02-24-2016 09:10,33
02-24-2016 09:15,33
02-24-2016 09:20,33
02-24-2016 09:25,33
02-24-2016 09:30,32
02-24-2016 09:35,37
02-24-2016 09:40,38
02-24-2016 09:45,39
02-24-2016 09:50,38
02-24-2016 09:55,37
02-24-2016 10:00,38
02-24-2016 10:05,38
02-24-2016 10:10,39
02-24-2016 10:15,38
02-24-2016 10:20,38
02-24-2016 10:25,35
02-24-2016 10:30,35
02-24-2016 10:35,35
02-24-2016 10:40,34
02-24-2016 10:45,35
02-24-2016 10:50,35
02-24-2016 10:55,38
02-24-2016 11:00,38
02-24-2016 11:05,36
02-24-2016 11:10,35
02-24-2016 11:15,35
02-24-2016 11:20,36
02-24-2016 11:25,37
02-24-2016 11:30,38
02-24-2016 11:35,40
02-24-2016 11:40,40
02-24-2016 11:45,40
02-24-2016 11:50,37
02-24-2016 11:55,35
02-24-2016 12:00,36
02-24-2016 12:05,36
02-24-2016 12:10,33
02-24-2016 12:15,34
02-24-2016 12:20,33
02-24-2016 12:25,33
02-24-2016 12:30,35
02-24-2016 12:35,35
02-24-2016 12:40,35
02-24-2016 12:45,35
02-24-2016 12:50,36
02-24-2016 12:55,35
02-24-2016 13:00,34
02-24-2016 13:05,34
02-24-2016 13:10,34
02-24-2016 13:15,33
02-24-2016 13:20,33
02-24-2016 13:25,33
02-24-2016 13:30,33
02-24-2016 13:35,33
02-24-2016 13:40,33
02-24-2016 13:45,32
02-24-2016 13:50,29
02-24-2016 13:55,31
02-24-2016 14:00,30
02-24-2016 14:05,31
02-24-2016 14:10,30
02-24-2016 14:15,30
02-24-2016 14:20,30
02-24-2016 14:25,30
02-24-2016 14:30,30
02-24-2016 14:35,30
02-24-2016 14:40,30
02-24-2016 14:45,30
02-24-2016 14:50,32
02-24-2016 14:55,33
02-24-2016 15:00,33
02-24-2016 15:05,33
02-24-2016 15:10,33
02-24-2016 15:15,33
02-24-2016 15:20,33
02-24-2016 15:25,32
02-24-2016 15:30,32
02-24-2016 15:35,32
02-24-2016 15:40,32
02-24-2016 15:45,31
02-24-2016 15:50,31
02-24-2016 15:55,31
02-24-2016 16:00,28
02-24-2016 16:05,28
02-24-2016 16:10,28
02-24-2016 16:15,28
02-24-2016 16:20,29
02-24-2016 16:25,30
02-24-2016 16:30,30
02-24-2016 16:35,30
02-24-2016 16:40,28
02-24-2016 16:45,29
02-24-2016 16:50,29
02-24-2016 16:55,28
02-24-2016 17:00,28
02-24-2016 17:05,28
02-24-2016 17:10,28
02-24-2016 17:15,28
02-24-2016 17:20,28
02-24-2016 17:25,28
02-24-2016 17:30,28
02-24-2016 17:35,25
02-24-2016 17:40,25
02-24-2016 17:45,25
02-24-2016 17:50,25
02-24-2016 17:55,25
02-24-2016 18:00,25
02-24-2016 18:05,24
02-24-2016 18:10,24
02-24-2016 18:15,24
02-24-2016 18:20,24
02-24-2016 18:25,25
02-24-2016 18:30,25
02-24-2016 18:35,25
02-24-2016 18:40,25
02-24-2016 18:45,25
02-24-2016 18:50,22
02-24-2016 18:55,22
02-24-2016 19:00,22
02-24-2016 19:05,23
02-24-2016 19:10,23
02-24-2016 19:15,23
02-24-2016 19:20,23
02-24-2016 19:25,23
02-24-2016 19:30,23
02-24-2016 19:35,23
02-24-2016 19:40,23
02-24-2016 19:45,23
02-24-2016 19:50,23
02-24-2016 19:55,23
02-24-2016 20:00,23
02-24-2016 20:05,22
02-24-2016 20:10,23
02-24-2016 20:15,23
02-24-2016 20:20,23
02-24-2016 20:25,23
02-24-2016 20:30,23
02-24-2016 20:35,23
02-24-2016 20:40,23
02-24-2016 20:45,23
02-24-2016 20:50,23
02-24-2016 20:55,23
02-24-2016 21:00,23
02-24-2016 21:05,23
02-24-2016 21:10,23
02-24-2016 21:15,23
02-24-2016 21:20,23
02-24-2016 21:25,23
02-24-2016 21:30,23
02-24-2016 21:35,23
02-24-2016 21:40,23
02-24-2016 21:45,23
02-24-2016 21:50,23
02-24-2016 21:55,23
02-24-2016 22:00,23
02-24-2016 22:05,23
02-24-2016 22:10,23
02-24-2016 22:15,23
02-24-2016 22:20,23
02-24-2016 22:25,23
02-24-2016 22:30,23
02-24-2016 22:35,23
02-24-2016 22:40,23
02-24-2016 22:45,23
02-24-2016 22:50,23
02-24-2016 22:55,23
02-24-2016 23:00,23
02-24-2016 23:05,23
02-24-2016 23:10,23
02-24-2016 23:15,23
02-24-2016 23:20,23
02-24-2016 23:25,23
02-24-2016 23:30,23
02-24-2016 23:35,23
02-24-2016 23:40,23
02-24-2016 23:45,23
02-24-2016 23:50,23
02-24-2016 23:55,23
02-25-2016 00:00,23
02-25-2016 00:05,23
02-25-2016 00:10,23
02-25-2016 00:15,23
02-25-2016 00:20,23
02-25-2016 00:25,23
02-25-2016 00:30,23
02-25-2016 00:35,23
02-25-2016 00:40,23
02-25-2016 00:45,23
02-25-2016 00:50,23
02-25-2016 00:55,23
02-25-2016 01:00,23
02-25-2016 01:05,23
02-25-2016 01:10,23
02-25-2016 01:15,23
02-25-2016 01:20,23
02-25-2016 01:25,23
02-25-2016 01:30,23
02-25-2016 01:35,23
02-25-2016 01:40,23
02-25-2016 01:45,23
02-25-2016 01:50,23
02-25-2016 01:55,23
02-25-2016 02:00,23
02-25-2016 02:05,23
02-25-2016 02:10,23
02-25-2016 02:15,24
02-25-2016 02:20,24
02-25-2016 02:25,24
02-25-2016 02:30,24
02-25-2016 02:35,24
02-25-2016 02:40,24
02-25-2016 02:45,24
02-25-2016 02:50,24
02-25-2016 02:55,24
02-25-2016 03:00,24
02-25-2016 03:05,24
02-25-2016 03:10,24
02-25-2016 03:15,24
02-25-2016 03:20,24
02-25-2016 03:25,24
02-25-2016 03:30,24
02-25-2016 03:35,24
02-25-2016 03:40,23
02-25-2016 03:45,23
02-25-2016 03:50,23
02-25-2016 03:55,23
02-25-2016 04:00,23
02-25-2016 04:05,23
02-25-2016 04:10,24
02-25-2016 04:15,24
02-25-2016 04:20,24
02-25-2016 04:25,24
02-25-2016 04:30,24
02-25-2016 04:35,24
02-25-2016 04:40,24
02-25-2016 04:45,24
02-25-2016 04:50,24
02-25-2016 04:55,24
02-25-2016 05:00,26
02-25-2016 05:05,26
02-25-2016 05:10,26
02-25-2016 05:15,28
02-25-2016 05:20,28
02-25-2016 05:25,28
02-25-2016 05:30,28
02-25-2016 05:35,28
02-25-2016 05:40,28
02-25-2016 05:45,28
02-25-2016 05:50,28
02-25-2016 05:55,28
02-25-2016 06:00,28
02-25-2016 06:05,28
02-25-2016 06:10,28
02-25-2016 06:15,28
02-25-2016 06:20,28
02-25-2016 06:25,28
02-25-2016 06:30,28
02-25-2016 06:35,27
02-25-2016 06:40,27
02-25-2016 06:45,28
02-25-2016 06:50,28
02-25-2016 06:55,28
02-25-2016 07:00,28
02-25-2016 07:05,28
02-25-2016 07:10,30
02-25-2016 07:15,31
02-25-2016 07:20,31
02-25-2016 07:25,31
02-25-2016 07:30,31
02-25-2016 07:35,31
02-25-2016 07:40,33
02-25-2016 07:45,33
02-25-2016 07:50,34
02-25-2016 07:55,33
02-25-2016 08:00,33
02-25-2016 08:05,34
02-25-2016 08:10,33
02-25-2016 08:15,33
02-25-2016 08:20,32
02-25-2016 08:25,34
02-25-2016 08:30,34
02-25-2016 08:35,34
02-25-2016 08:40,34
02-25-2016 08:45,34
02-25-2016 08:50,34
02-25-2016 08:55,33
02-25-2016 09:00,32
02-25-2016 09:05,32
02-25-2016 09:10,30
02-25-2016 09:15,31
02-25-2016 09:20,32
02-25-2016 09:25,30
02-25-2016 09:30,31
02-25-2016 09:35,37
02-25-2016 09:40,37
02-25-2016 09:45,37
02-25-2016 09:50,38
02-25-2016 09:55,38
02-25-2016 10:00,39
02-25-2016 10:05,39
02-25-2016 10:10,39
02-25-2016 10:15,39
02-25-2016 10:20,38
02-25-2016 10:25,38
02-25-2016 10:30,38
02-25-2016 10:35,39
02-25-2016 10:40,39
02-25-2016 10:45,39
02-25-2016 10:50,39
02-25-2016 10:55,34
02-25-2016 11:00,34
02-25-2016 11:05,34
02-25-2016 11:10,33
02-25-2016 11:15,33
02-25-2016 11:20,33
02-25-2016 11:25,32
02-25-2016 11:30,32
02-25-2016 11:35,32
02-25-2016 11:40,32
02-25-2016 11:45,33
02-25-2016 11:50,33
02-25-2016 11:55,33
02-25-2016 12:00,35
02-25-2016 12:05,35
02-25-2016 12:10,35
02-25-2016 12:15,34
02-25-2016 12:20,29
02-25-2016 12:25,31
02-25-2016 12:30,31
02-25-2016 12:35,30
02-25-2016 12:40,30
02-25-2016 12:45,32
02-25-2016 12:50,32
02-25-2016 12:55,32
02-25-2016 13:00,32
02-25-2016 13:05,31
02-25-2016 13:10,31
02-25-2016 13:15,32
02-25-2016 13:20,31
02-25-2016 13:25,33
02-25-2016 13:30,31
02-25-2016 13:35,33
02-25-2016 13:40,34
02-25-2016 13:45,30
02-25-2016 13:50,30
02-25-2016 13:55,30
02-25-2016 14:00,26
02-25-2016 14:05,26
02-25-2016 14:10,26
02-25-2016 14:15,26
02-25-2016 14:20,26
02-25-2016 14:25,26
02-25-2016 14:30,26
02-25-2016 14:35,26
02-25-2016 14:40,26
02-25-2016 14:45,26
02-25-2016 14:50,26
02-25-2016 14:55,26
02-25-2016 15:00,26
02-25-2016 15:05,27
02-25-2016 15:10,27
02-25-2016 15:15,26
02-25-2016 15:20,26
02-25-2016 15:25,26
02-25-2016 15:30,24
02-25-2016 15:35,24
02-25-2016 15:40,24
02-25-2016 15:45,25
02-25-2016 15:50,25
02-25-2016 15:55,25
02-25-2016 16:00,25
02-25-2016 16:05,23
02-25-2016 16:10,23
02-25-2016 16:15,23
02-25-2016 16:20,23
02-25-2016 16:25,23
02-25-2016 16:30,22
02-25-2016 16:35,24
02-25-2016 16:40,24
02-25-2016 16:45,22
02-25-2016 16:50,24
02-25-2016 16:55,24
02-25-2016 17:00,24
02-25-2016 17:05,24
02-25-2016 17:10,24
02-25-2016 17:15,24
02-25-2016 17:20,24
02-25-2016 17:25,24
02-25-2016 17:30,24
02-25-2016 17:35,24
02-25-2016 17:40,24
02-25-2016 17:45,24
02-25-2016 17:50,24
02-25-2016 17:55,25
02-25-2016 18:00,25
02-25-2016 18:05,20
02-25-2016 18:10,20
02-25-2016 18:15,21
02-25-2016 18:20,21
02-25-2016 18:25,21
02-25-2016 18:30,21
02-25-2016 18:35,22
02-25-2016 18:40,22
02-25-2016 18:45,22
02-25-2016 18:50,22
02-25-2016 18:55,22
02-25-2016 19:00,22
02-25-2016 19:05,23
02-25-2016 19:10,23
02-25-2016 19:15,23
02-25-2016 19:20,23
02-25-2016 19:25,23
02-25-2016 19:30,23
02-25-2016 19:35,23
02-25-2016 19:40,23
02-25-2016 19:45,23
02-25-2016 19:50,23
02-25-2016 19:55,23
02-25-2016 20:00,23
02-25-2016 20:05,23
02-25-2016 20:10,24
02-25-2016 20:15,24
02-25-2016 20:20,24
02-25-2016 20:25,24
02-25-2016 20:30,25
02-25-2016 20:35,25
02-25-2016 20:40,25
02-25-2016 20:45,25
02-25-2016 20:50,25
02-25-2016 20:55,25
02-25-2016 21:00,25
02-25-2016 21:05,25
02-25-2016 21:10,25
02-25-2016 21:15,25
02-25-2016 21:20,25
02-25-2016 21:25,25
02-25-2016 21:30,25
02-25-2016 21:35,25
02-25-2016 21:40,25
02-25-2016 21:45,25
02-25-2016 21:50,25
02-25-2016 21:55,25
02-25-2016 22:00,25
02-25-2016 22:05,26
02-25-2016 22:10,26
02-25-2016 22:15,26
02-25-2016 22:20,26
02-25-2016 22:25,26
02-25-2016 22:30,25
02-25-2016 22:35,25
02-25-2016 22:40,25
02-25-2016 22:45,25
02-25-2016 22:50,24
02-25-2016 22:55,24
02-25-2016 23:00,24
02-25-2016 23:05,24
02-25-2016 23:10,24
02-25-2016 23:15,24
02-25-2016 23:20,24
02-25-2016 23:25,24
02-25-2016 23:30,25
02-25-2016 23:35,25
02-25-2016 23:40,25
02-25-2016 23:45,25
02-25-2016 23:50,25
02-25-2016 23:55,25
02-26-2016 00:00,25
02-26-2016 00:05,25
02-26-2016 00:10,25
02-26-2016 00:15,25
02-26-2016 00:20,25
02-26-2016 00:25,25
02-26-2016 00:30,25
02-26-2016 00:35,25
02-26-2016 00:40,25
02-26-2016 00:45,25
02-26-2016 00:50,25
02-26-2016 00:55,25
02-26-2016 01:00,25
02-26-2016 01:05,25
02-26-2016 01:10,25
02-26-2016 01:15,25
02-26-2016 01:20,25
02-26-2016 01:25,25
02-26-2016 01:30,25
02-26-2016 01:35,25
02-26-2016 01:40,25
02-26-2016 01:45,25
02-26-2016 01:50,25
02-26-2016 01:55,25
02-26-2016 02:00,25
02-26-2016 02:05,26
02-26-2016 02:10,26
02-26-2016 02:15,26
02-26-2016 02:20,26
02-26-2016 02:25,26
02-26-2016 02:30,26
02-26-2016 02:35,26
02-26-2016 02:40,26
02-26-2016 02:45,26
02-26-2016 02:50,26
02-26-2016 02:55,26
02-26-2016 03:00,26
02-26-2016 03:05,26
02-26-2016 03:10,27
02-26-2016 03:15,26
02-26-2016 03:20,26
02-26-2016 03:25,26
02-26-2016 03:30,26
02-26-2016 03:35,26
02-26-2016 03:40,26
02-26-2016 03:45,26
02-26-2016 03:50,26
02-26-2016 03:55,26
02-26-2016 04:00,26
02-26-2016 04:05,26
02-26-2016 04:10,27
02-26-2016 04:15,27
02-26-2016 04:20,27
02-26-2016 04:25,27
02-26-2016 04:30,27
02-26-2016 04:35,27
02-26-2016 04:40,27
02-26-2016 04:45,27
02-26-2016 04:50,27
02-26-2016 04:55,27
02-26-2016 05:00,27
02-26-2016 05:05,27
02-26-2016 05:10,27
02-26-2016 05:15,27
02-26-2016 05:20,30
02-26-2016 05:25,30
02-26-2016 05:30,30
02-26-2016 05:35,30
02-26-2016 05:40,30
02-26-2016 05:45,30
02-26-2016 05:50,31
02-26-2016 05:55,31
02-26-2016 06:00,31
02-26-2016 06:05,31
02-26-2016 06:10,31
02-26-2016 06:15,31
02-26-2016 06:20,31
02-26-2016 06:25,31
02-26-2016 06:30,31
02-26-2016 06:35,31
02-26-2016 06:40,31
02-26-2016 06:45,31
02-26-2016 06:50,32
02-26-2016 06:55,35
02-26-2016 07:00,34
02-26-2016 07:05,32
02-26-2016 07:10,32
02-26-2016 07:15,33
02-26-2016 07:20,33
02-26-2016 07:25,32
02-26-2016 07:30,32
02-26-2016 07:35,32
02-26-2016 07:40,32
02-26-2016 07:45,32
02-26-2016 07:50,32
02-26-2016 07:55,32
02-26-2016 08:00,32
02-26-2016 08:05,32
02-26-2016 08:10,31
02-26-2016 08:15,31
02-26-2016 08:20,31
02-26-2016 08:25,31
02-26-2016 08:30,32
02-26-2016 08:35,32
02-26-2016 08:40,35
02-26-2016 08:45,35
02-26-2016 08:50,34
02-26-2016 08:55,34
02-26-2016 09:00,34
02-26-2016 09:05,34
02-26-2016 09:10,34
02-26-2016 09:15,35
02-26-2016 09:20,35
02-26-2016 09:25,37
02-26-2016 09:30,36
02-26-2016 09:35,35
02-26-2016 09:40,36
02-26-2016 09:45,36
02-26-2016 09:50,36
02-26-2016 09:55,36
02-26-2016 10:00,35
02-26-2016 10:05,38
02-26-2016 10:10,38
02-26-2016 10:15,39
02-26-2016 10:20,36
02-26-2016 10:25,37
02-26-2016 10:30,37
02-26-2016 10:35,37
02-26-2016 10:40,38
02-26-2016 10:45,39
02-26-2016 10:50,39
02-26-2016 10:55,39
02-26-2016 11:00,39
02-26-2016 11:05,39
02-26-2016 11:10,39
02-26-2016 11:15,39
02-26-2016 11:20,40
02-26-2016 11:25,40
02-26-2016 11:30,40
02-26-2016 11:35,37
02-26-2016 11:40,36
02-26-2016 11:45,36
02-26-2016 11:50,37
02-26-2016 11:55,39
02-26-2016 12:00,40
02-26-2016 12:05,40
02-26-2016 12:10,39
02-26-2016 12:15,39
02-26-2016 12:20,38
02-26-2016 12:25,38
02-26-2016 12:30,37
02-26-2016 12:35,38
02-26-2016 12:40,37
02-26-2016 12:45,38
02-26-2016 12:50,38
02-26-2016 12:55,38
02-26-2016 13:00,38
02-26-2016 13:05,35
02-26-2016 13:10,36
02-26-2016 13:15,37
02-26-2016 13:20,37
02-26-2016 13:25,37
02-26-2016 13:30,37
02-26-2016 13:35,37
02-26-2016 13:40,36
02-26-2016 13:45,36
02-26-2016 13:50,37
02-26-2016 13:55,38
02-26-2016 14:00,38
02-26-2016 14:05,38
02-26-2016 14:10,37
02-26-2016 14:15,36
02-26-2016 14:20,35
02-26-2016 14:25,35
02-26-2016 14:30,35
02-26-2016 14:35,36
02-26-2016 14:40,36
02-26-2016 14:45,36
02-26-2016 14:50,36
02-26-2016 14:55,33
02-26-2016 15:00,34
02-26-2016 15:05,34
02-26-2016 15:10,33
02-26-2016 15:15,33
02-26-2016 15:20,34
02-26-2016 15:25,33
02-26-2016 15:30,33
02-26-2016 15:35,31
02-26-2016 15:40,32
02-26-2016 15:45,32
02-26-2016 15:50,32
02-26-2016 15:55,33
02-26-2016 16:00,33
02-26-2016 16:05,32
02-26-2016 16:10,31
02-26-2016 16:15,31
02-26-2016 16:20,31
02-26-2016 16:25,31
02-26-2016 16:30,31
02-26-2016 16:35,31
02-26-2016 16:40,31
02-26-2016 16:45,31
02-26-2016 16:50,31
02-26-2016 16:55,29
02-26-2016 17:00,24
02-26-2016 17:05,24
02-26-2016 17:10,23
02-26-2016 17:15,23
02-26-2016 17:20,23
02-26-2016 17:25,23
02-26-2016 17:30,23
02-26-2016 17:35,23
02-26-2016 17:40,23
02-26-2016 17:45,23
02-26-2016 17:50,23
02-26-2016 17:55,24
02-26-2016 18:00,24
02-26-2016 18:05,23
02-26-2016 18:10,24
02-26-2016 18:15,24
02-26-2016 18:20,24
02-26-2016 18:25,24
02-26-2016 18:30,24
02-26-2016 18:35,21
02-26-2016 18:40,21
02-26-2016 18:45,21
02-26-2016 18:50,21
02-26-2016 18:55,21
02-26-2016 19:00,20
02-26-2016 19:05,20
02-26-2016 19:10,20
02-26-2016 19:15,20
02-26-2016 19:20,20
02-26-2016 19:25,20
02-26-2016 19:30,20
02-26-2016 19:35,20
02-26-2016 19:40,20
02-26-2016 19:45,21
02-26-2016 19:50,21
02-26-2016 19:55,21
02-26-2016 20:00,20
02-26-2016 20:05,21
02-26-2016 20:10,22
02-26-2016 20:15,22
02-26-2016 20:20,22
02-26-2016 20:25,22
02-26-2016 20:30,23
02-26-2016 20:35,23
02-26-2016 20:40,23
02-26-2016 20:45,23
02-26-2016 20:50,23
02-26-2016 20:55,23
02-26-2016 21:00,23
02-26-2016 21:05,23
02-26-2016 21:10,23
02-26-2016 21:15,23
02-26-2016 21:20,23
02-26-2016 21:25,23
02-26-2016 21:30,23
02-26-2016 21:35,23
02-26-2016 21:40,23
02-26-2016 21:45,23
02-26-2016 21:50,23
02-26-2016 21:55,23
02-26-2016 22:00,23
02-26-2016 22:05,23
02-26-2016 22:10,23
02-26-2016 22:15,23
02-26-2016 22:20,23
02-26-2016 22:25,23
02-26-2016 22:30,23
02-26-2016 22:35,23
02-26-2016 22:40,23
02-26-2016 22:45,23
02-26-2016 22:50,23
02-26-2016 22:55,23
02-26-2016 23:00,23
02-26-2016 23:05,23
02-26-2016 23:10,23
02-26-2016 23:15,23
02-26-2016 23:20,23
02-26-2016 23:25,23
02-26-2016 23:30,23
02-26-2016 23:35,23
02-26-2016 23:40,23
02-26-2016 23:45,23
02-26-2016 23:50,23
02-26-2016 23:55,23
02-27-2016 00:00,23
02-27-2016 00:05,23
02-27-2016 00:10,23
02-27-2016 00:15,23
02-27-2016 00:20,23
02-27-2016 00:25,23
02-27-2016 00:30,23
02-27-2016 00:35,23
02-27-2016 00:40,23
02-27-2016 00:45,23
02-27-2016 00:50,23
02-27-2016 00:55,23
02-27-2016 01:00,23
02-27-2016 01:05,23
02-27-2016 01:10,23
02-27-2016 01:15,23
02-27-2016 01:20,23
02-27-2016 01:25,23
02-27-2016 01:30,23
02-27-2016 01:35,23
02-27-2016 01:40,23
02-27-2016 01:45,23
02-27-2016 01:50,23
02-27-2016 01:55,23
02-27-2016 02:00,23
02-27-2016 02:05,23
02-27-2016 02:10,23
02-27-2016 02:15,23
02-27-2016 02:20,23
02-27-2016 02:25,23
02-27-2016 02:30,23
02-27-2016 02:35,23
02-27-2016 02:40,23
02-27-2016 02:45,23
02-27-2016 02:50,23
02-27-2016 02:55,23
02-27-2016 03:00,23
02-27-2016 03:05,23
02-27-2016 03:10,23
02-27-2016 03:15,23
02-27-2016 03:20,23
02-27-2016 03:25,23
02-27-2016 03:30,23
02-27-2016 03:35,23
02-27-2016 03:40,23
02-27-2016 03:45,23
02-27-2016 03:50,23
02-27-2016 03:55,23
02-27-2016 04:00,23
02-27-2016 04:05,23
02-27-2016 04:10,23
02-27-2016 04:15,23
02-27-2016 04:20,23
02-27-2016 04:25,23
02-27-2016 04:30,25
02-27-2016 04:35,27
02-27-2016 04:40,25
02-27-2016 04:45,28
02-27-2016 04:50,28
02-27-2016 04:55,28
02-27-2016 05:00,28
02-27-2016 05:05,28
02-27-2016 05:10,28
02-27-2016 05:15,28
02-27-2016 05:20,27
02-27-2016 05:25,27
02-27-2016 05:30,26
02-27-2016 05:35,25
02-27-2016 05:40,26
02-27-2016 05:45,28
02-27-2016 05:50,28
02-27-2016 05:55,28
02-27-2016 06:00,28
02-27-2016 06:05,28
02-27-2016 06:10,28
02-27-2016 06:15,28
02-27-2016 06:20,28
02-27-2016 06:25,28
02-27-2016 06:30,28
02-27-2016 06:35,28
02-27-2016 06:40,29
02-27-2016 06:45,30
02-27-2016 06:50,28
02-27-2016 06:55,27
02-27-2016 07:00,27
02-27-2016 07:05,27
02-27-2016 07:10,27
02-27-2016 07:15,27
02-27-2016 07:20,27
02-27-2016 07:25,32
02-27-2016 07:30,31
02-27-2016 07:35,31
02-27-2016 07:40,32
02-27-2016 07:45,33
02-27-2016 07:50,32
02-27-2016 07:55,32
02-27-2016 08:00,32
02-27-2016 08:05,33
02-27-2016 08:10,33
02-27-2016 08:15,34
02-27-2016 08:20,34
02-27-2016 08:25,35
02-27-2016 08:30,35
02-27-2016 08:35,35
02-27-2016 08:40,35
02-27-2016 08:45,36
02-27-2016 08:50,36
02-27-2016 08:55,36
02-27-2016 09:00,36
02-27-2016 09:05,36
02-27-2016 09:10,35
02-27-2016 09:15,34
02-27-2016 09:20,34
02-27-2016 09:25,33
02-27-2016 09:30,34
02-27-2016 09:35,33
02-27-2016 09:40,33
02-27-2016 09:45,33
02-27-2016 09:50,33
02-27-2016 09:55,33
02-27-2016 10:00,27
02-27-2016 10:05,27
02-27-2016 10:10,27
02-27-2016 10:15,27
02-27-2016 10:20,27
02-27-2016 10:25,27
02-27-2016 10:30,27
02-27-2016 10:35,27
02-27-2016 10:40,27
02-27-2016 10:45,27
02-27-2016 10:50,29
02-27-2016 10:55,30
02-27-2016 11:00,30
02-27-2016 11:05,30
02-27-2016 11:10,30
02-27-2016 11:15,29
02-27-2016 11:20,29
02-27-2016 11:25,29
02-27-2016 11:30,28
02-27-2016 11:35,29
02-27-2016 11:40,29
02-27-2016 11:45,29
02-27-2016 11:50,29
02-27-2016 11:55,28
02-27-2016 12:00,28
02-27-2016 12:05,29
02-27-2016 12:10,29
02-27-2016 12:15,29
02-27-2016 12:20,29
02-27-2016 12:25,29
02-27-2016 12:30,29
02-27-2016 12:35,29
02-27-2016 12:40,28
02-27-2016 12:45,28
02-27-2016 12:50,27
02-27-2016 12:55,27
02-27-2016 13:00,27
02-27-2016 13:05,27
02-27-2016 13:10,27
02-27-2016 13:15,26
02-27-2016 13:20,27
02-27-2016 13:25,27
02-27-2016 13:30,28
02-27-2016 13:35,28
02-27-2016 13:40,28
02-27-2016 13:45,29
02-27-2016 13:50,27
02-27-2016 13:55,27
02-27-2016 14:00,27
02-27-2016 14:05,27
02-27-2016 14:10,28
02-27-2016 14:15,28
02-27-2016 14:20,28
02-27-2016 14:25,29
02-27-2016 14:30,28
02-27-2016 14:35,29
02-27-2016 14:40,29
02-27-2016 14:45,28
02-27-2016 14:50,28
02-27-2016 14:55,29
02-27-2016 15:00,29
02-27-2016 15:05,29
02-27-2016 15:10,31
02-27-2016 15:15,31
02-27-2016 15:20,31
02-27-2016 15:25,31
02-27-2016 15:30,31
02-27-2016 15:35,31
02-27-2016 15:40,31
02-27-2016 15:45,31
02-27-2016 15:50,35
02-27-2016 15:55,35
02-27-2016 16:00,35
02-27-2016 16:05,35
02-27-2016 16:10,35
02-27-2016 16:15,35
02-27-2016 16:20,35
02-27-2016 16:25,35
02-27-2016 16:30,35
02-27-2016 16:35,34
02-27-2016 16:40,33
02-27-2016 16:45,33
02-27-2016 16:50,33
02-27-2016 16:55,33
02-27-2016 17:00,33
02-27-2016 17:05,33
02-27-2016 17:10,32
02-27-2016 17:15,32
02-27-2016 17:20,33
02-27-2016 17:25,34
02-27-2016 17:30,34
02-27-2016 17:35,34
02-27-2016 17:40,33
02-27-2016 17:45,33
02-27-2016 17:50,33
02-27-2016 17:55,33
02-27-2016 18:00,27
02-27-2016 18:05,25
02-27-2016 18:10,26
02-27-2016 18:15,26
02-27-2016 18:20,26
02-27-2016 18:25,26
02-27-2016 18:30,27
02-27-2016 18:35,27
02-27-2016 18:40,27
02-27-2016 18:45,27
02-27-2016 18:50,27
02-27-2016 18:55,26
02-27-2016 19:00,26
02-27-2016 19:05,26
02-27-2016 19:10,26
02-27-2016 19:15,26
02-27-2016 19:20,26
02-27-2016 19:25,27
02-27-2016 19:30,27
02-27-2016 19:35,27
02-27-2016 19:40,27
02-27-2016 19:45,27
02-27-2016 19:50,27
02-27-2016 19:55,27
02-27-2016 20:00,27
02-27-2016 20:05,28
02-27-2016 20:10,28
02-27-2016 20:15,28
02-27-2016 20:20,28
02-27-2016 20:25,28
02-27-2016 20:30,28
02-27-2016 20:35,28
02-27-2016 20:40,28
02-27-2016 20:45,28
02-27-2016 20:50,28
02-27-2016 20:55,28
02-27-2016 21:00,28
02-27-2016 21:05,28
02-27-2016 21:10,28
02-27-2016 21:15,28
02-27-2016 21:20,28
02-27-2016 21:25,28
02-27-2016 21:30,28
02-27-2016 21:35,28
02-27-2016 21:40,28
02-27-2016 21:45,28
02-27-2016 21:50,28
02-27-2016 21:55,28
02-27-2016 22:00,28
02-27-2016 22:05,28
02-27-2016 22:10,28
02-27-2016 22:15,28
02-27-2016 22:20,28
02-27-2016 22:25,28
02-27-2016 22:30,29
02-27-2016 22:35,29
02-27-2016 22:40,20
02-27-2016 22:45,20
02-27-2016 22:50,20
02-27-2016 22:55,20
02-27-2016 23:00,21
02-27-2016 23:05,21
02-27-2016 23:10,21
02-27-2016 23:15,21
02-27-2016 23:20,21
02-27-2016 23:25,21
02-27-2016 23:30,21
02-27-2016 23:35,21
02-27-2016 23:40,21
02-27-2016 23:45,21
02-27-2016 23:50,21
02-27-2016 23:55,21
02-28-2016 00:00,21
02-28-2016 00:05,21
02-28-2016 00:10,21
02-28-2016 00:15,21
02-28-2016 00:20,21
02-28-2016 00:25,21
02-28-2016 00:30,21
02-28-2016 00:35,21
02-28-2016 00:40,21
02-28-2016 00:45,21
02-28-2016 00:50,21
02-28-2016 00:55,21
02-28-2016 01:00,21
02-28-2016 01:05,21
02-28-2016 01:10,21
02-28-2016 01:15,21
02-28-2016 01:20,21
02-28-2016 01:25,21
02-28-2016 01:30,21
02-28-2016 01:35,21
02-28-2016 01:40,21
02-28-2016 01:45,21
02-28-2016 01:50,21
02-28-2016 01:55,21
02-28-2016 02:00,21
02-28-2016 02:05,21
02-28-2016 02:10,21
02-28-2016 02:15,21
02-28-2016 02:20,21
02-28-2016 02:25,23
02-28-2016 02:30,23
02-28-2016 02:35,23
02-28-2016 02:40,23
02-28-2016 02:45,23
02-28-2016 02:50,23
02-28-2016 02:55,23
02-28-2016 03:00,23
02-28-2016 03:05,23
02-28-2016 03:10,23
02-28-2016 03:15,23
02-28-2016 03:20,23
02-28-2016 03:25,23
02-28-2016 03:30,23
02-28-2016 03:35,23
02-28-2016 03:40,23
02-28-2016 03:45,23
02-28-2016 03:50,23
02-28-2016 03:55,23
02-28-2016 04:00,23
02-28-2016 04:05,23
02-28-2016 04:10,23
02-28-2016 04:15,23
02-28-2016 04:20,23
02-28-2016 04:25,23
02-28-2016 04:30,23
02-28-2016 04:35,23
02-28-2016 04:40,23
02-28-2016 04:45,23
02-28-2016 04:50,23
02-28-2016 04:55,26
02-28-2016 05:00,26
02-28-2016 05:05,26
02-28-2016 05:10,26
02-28-2016 05:15,27
02-28-2016 05:20,27
02-28-2016 05:25,24
02-28-2016 05:30,23
02-28-2016 05:35,25
02-28-2016 05:40,25
02-28-2016 05:45,25
02-28-2016 05:50,25
02-28-2016 05:55,26
02-28-2016 06:00,26
02-28-2016 06:05,26
02-28-2016 06:10,26
02-28-2016 06:15,26
02-28-2016 06:20,26
02-28-2016 06:25,26
02-28-2016 06:30,25
02-28-2016 06:35,25
02-28-2016 06:40,25
02-28-2016 06:45,26
02-28-2016 06:50,26
02-28-2016 06:55,25
02-28-2016 07:00,25
02-28-2016 07:05,25
02-28-2016 07:10,25
02-28-2016 07:15,24
02-28-2016 07:20,24
02-28-2016 07:25,23
02-28-2016 07:30,22
02-28-2016 07:35,22
02-28-2016 07:40,21
02-28-2016 07:45,21
02-28-2016 07:50,21
02-28-2016 07:55,21
02-28-2016 08:00,21
02-28-2016 08:05,24
02-28-2016 08:10,24
02-28-2016 08:15,24
02-28-2016 08:20,24
02-28-2016 08:25,24
02-28-2016 08:30,24
02-28-2016 08:35,24
02-28-2016 08:40,24
02-28-2016 08:45,24
02-28-2016 08:50,24
02-28-2016 08:55,24
02-28-2016 09:00,24
02-28-2016 09:05,26
02-28-2016 09:10,26
02-28-2016 09:15,26
02-28-2016 09:20,26
02-28-2016 09:25,26
02-28-2016 09:30,26
02-28-2016 09:35,26
02-28-2016 09:40,26
02-28-2016 09:45,27
02-28-2016 09:50,27
02-28-2016 09:55,27
02-28-2016 10:00,28
02-28-2016 10:05,28
02-28-2016 10:10,28
02-28-2016 10:15,29
02-28-2016 10:20,29
02-28-2016 10:25,29
02-28-2016 10:30,29
02-28-2016 10:35,29
02-28-2016 10:40,29
02-28-2016 10:45,29
02-28-2016 10:50,29
02-28-2016 10:55,29
02-28-2016 11:00,29
02-28-2016 11:05,29
02-28-2016 11:10,29
02-28-2016 11:15,29
02-28-2016 11:20,29
02-28-2016 11:25,29
02-28-2016 11:30,29
02-28-2016 11:35,29
02-28-2016 11:40,29
02-28-2016 11:45,27
02-28-2016 11:50,27
02-28-2016 11:55,28
02-28-2016 12:00,29
02-28-2016 12:05,25
02-28-2016 12:10,25
02-28-2016 12:15,25
02-28-2016 12:20,25
02-28-2016 12:25,25
02-28-2016 12:30,25
02-28-2016 12:35,26
02-28-2016 12:40,26
02-28-2016 12:45,25
02-28-2016 12:50,25
02-28-2016 12:55,25
02-28-2016 13:00,25
02-28-2016 13:05,26
02-28-2016 13:10,26
02-28-2016 13:15,26
02-28-2016 13:20,27
02-28-2016 13:25,27
02-28-2016 13:30,27
02-28-2016 13:35,25
02-28-2016 13:40,28
02-28-2016 13:45,28
02-28-2016 13:50,28
02-28-2016 13:55,26
02-28-2016 14:00,26
02-28-2016 14:05,27
02-28-2016 14:10,27
02-28-2016 14:15,27
02-28-2016 14:20,28
02-28-2016 14:25,28
02-28-2016 14:30,29
02-28-2016 14:35,29
02-28-2016 14:40,29
02-28-2016 14:45,29
02-28-2016 14:50,29
02-28-2016 14:55,29
02-28-2016 15:00,29
02-28-2016 15:05,29
02-28-2016 15:10,29
02-28-2016 15:15,29
02-28-2016 15:20,29
02-28-2016 15:25,29
02-28-2016 15:30,29
02-28-2016 15:35,29
02-28-2016 15:40,29
02-28-2016 15:45,29
02-28-2016 15:50,29
02-28-2016 15:55,29
02-28-2016 16:00,29
02-28-2016 16:05,29
02-28-2016 16:10,30
02-28-2016 16:15,30
02-28-2016 16:20,30
02-28-2016 16:25,30
02-28-2016 16:30,30
02-28-2016 16:35,29
02-28-2016 16:40,29
02-28-2016 16:45,29
02-28-2016 16:50,30
02-28-2016 16:55,31
02-28-2016 17:00,31
02-28-2016 17:05,32
02-28-2016 17:10,33
02-28-2016 17:15,33
02-28-2016 17:20,33
02-28-2016 17:25,33
02-28-2016 17:30,33
02-28-2016 17:35,32
02-28-2016 17:40,32
02-28-2016 17:45,33
02-28-2016 17:50,32
02-28-2016 17:55,32
02-28-2016 18:00,32
02-28-2016 18:05,32
02-28-2016 18:10,32
02-28-2016 18:15,32
02-28-2016 18:20,32
02-28-2016 18:25,32
02-28-2016 18:30,32
02-28-2016 18:35,32
02-28-2016 18:40,32
02-28-2016 18:45,33
02-28-2016 18:50,33
02-28-2016 18:55,33
02-28-2016 19:00,33
02-28-2016 19:05,33
02-28-2016 19:10,33
02-28-2016 19:15,33
02-28-2016 19:20,33
02-28-2016 19:25,33
02-28-2016 19:30,33
02-28-2016 19:35,33
02-28-2016 19:40,33
02-28-2016 19:45,33
02-28-2016 19:50,33
02-28-2016 19:55,33
02-28-2016 20:00,33
02-28-2016 20:05,34
02-28-2016 20:10,29
02-28-2016 20:15,29
02-28-2016 20:20,29
02-28-2016 20:25,29
02-28-2016 20:30,29
02-28-2016 20:35,29
02-28-2016 20:40,30
02-28-2016 20:45,30
02-28-2016 20:50,30
02-28-2016 20:55,30
02-28-2016 21:00,30
02-28-2016 21:05,30
02-28-2016 21:10,30
02-28-2016 21:15,30
02-28-2016 21:20,30
02-28-2016 21:25,30
02-28-2016 21:30,30
02-28-2016 21:35,30
02-28-2016 21:40,30
02-28-2016 21:45,30
02-28-2016 21:50,30
02-28-2016 21:55,30
02-28-2016 22:00,30
02-28-2016 22:05,30
02-28-2016 22:10,30
02-28-2016 22:15,30
02-28-2016 22:20,30
02-28-2016 22:25,30
02-28-2016 22:30,30
02-28-2016 22:35,30
02-28-2016 22:40,30
02-28-2016 22:45,30
02-28-2016 22:50,30
02-28-2016 22:55,30
02-28-2016 23:00,26
02-28-2016 23:05,26
02-28-2016 23:10,26
02-28-2016 23:15,27
02-28-2016 23:20,27
02-28-2016 23:25,27
02-28-2016 23:30,27
02-28-2016 23:35,27
02-28-2016 23:40,27
02-28-2016 23:45,27
02-28-2016 23:50,27
02-28-2016 23:55,27
02-29-2016 00:00,27
02-29-2016 00:05,27
02-29-2016 00:10,27
02-29-2016 00:15,27
02-29-2016 00:20,27
02-29-2016 00:25,27
02-29-2016 00:30,27
02-29-2016 00:35,27
02-29-2016 00:40,27
02-29-2016 00:45,27
02-29-2016 00:50,27
02-29-2016 00:55,27
02-29-2016 01:00,27
02-29-2016 01:05,27
02-29-2016 01:10,27
02-29-2016 01:15,27
02-29-2016 01:20,27
02-29-2016 01:25,27
02-29-2016 01:30,27
02-29-2016 01:35,27
02-29-2016 01:40,27
02-29-2016 01:45,27
02-29-2016 01:50,27
02-29-2016 01:55,27
02-29-2016 02:00,27
02-29-2016 02:05,27
02-29-2016 02:10,27
02-29-2016 02:15,27
02-29-2016 02:20,27
02-29-2016 02:25,27
02-29-2016 02:30,27
02-29-2016 02:35,27
02-29-2016 02:40,27
02-29-2016 02:45,27
02-29-2016 02:50,25
02-29-2016 02:55,25
02-29-2016 03:00,25
02-29-2016 03:05,25
02-29-2016 03:10,25
02-29-2016 03:15,24
02-29-2016 03:20,24
02-29-2016 03:25,24
02-29-2016 03:30,24
02-29-2016 03:35,24
02-29-2016 03:40,24
02-29-2016 03:45,24
02-29-2016 03:50,24
02-29-2016 03:55,24
02-29-2016 04:00,24
02-29-2016 04:05,24
02-29-2016 04:10,24
02-29-2016 04:15,25
02-29-2016 04:20,25
02-29-2016 04:25,25
02-29-2016 04:30,25
02-29-2016 04:35,25
02-29-2016 04:40,25
02-29-2016 04:45,25
02-29-2016 04:50,25
02-29-2016 04:55,25
02-29-2016 05:00,25
02-29-2016 05:05,25
02-29-2016 05:10,25
02-29-2016 05:15,25
02-29-2016 05:20,25
02-29-2016 05:25,28
02-29-2016 05:30,28
02-29-2016 05:35,26
02-29-2016 05:40,26
02-29-2016 05:45,27
02-29-2016 05:50,27
02-29-2016 05:55,27
02-29-2016 06:00,29
02-29-2016 06:05,29
02-29-2016 06:10,29
02-29-2016 06:15,29
02-29-2016 06:20,29
02-29-2016 06:25,29
02-29-2016 06:30,29
02-29-2016 06:35,29
02-29-2016 06:40,29
02-29-2016 06:45,29
02-29-2016 06:50,29
02-29-2016 06:55,29
02-29-2016 07:00,29
02-29-2016 07:05,28
02-29-2016 07:10,28
02-29-2016 07:15,28
02-29-2016 07:20,32
02-29-2016 07:25,33
02-29-2016 07:30,33
02-29-2016 07:35,33
02-29-2016 07:40,32
02-29-2016 07:45,32
02-29-2016 07:50,32
02-29-2016 07:55,31
02-29-2016 08:00,31
02-29-2016 08:05,31
02-29-2016 08:10,31
02-29-2016 08:15,32
02-29-2016 08:20,32
02-29-2016 08:25,31
02-29-2016 08:30,31
02-29-2016 08:35,31
02-29-2016 08:40,31
02-29-2016 08:45,34
02-29-2016 08:50,35
02-29-2016 08:55,35
02-29-2016 09:00,35
02-29-2016 09:05,36
02-29-2016 09:10,36
02-29-2016 09:15,36
02-29-2016 09:20,40
02-29-2016 09:25,34
02-29-2016 09:30,35
02-29-2016 09:35,38
02-29-2016 09:40,37
02-29-2016 09:45,38
02-29-2016 09:50,37
02-29-2016 09:55,37
02-29-2016 10:00,36
02-29-2016 10:05,35
02-29-2016 10:10,35
02-29-2016 10:15,34
02-29-2016 10:20,32
02-29-2016 10:25,30
02-29-2016 10:30,30
02-29-2016 10:35,31
02-29-2016 10:40,31
02-29-2016 10:45,31
02-29-2016 10:50,34
02-29-2016 10:55,35
02-29-2016 11:00,34
02-29-2016 11:05,34
02-29-2016 11:10,34
02-29-2016 11:15,34
02-29-2016 11:20,36
02-29-2016 11:25,36
02-29-2016 11:30,36
02-29-2016 11:35,36
02-29-2016 11:40,37
02-29-2016 11:45,37
02-29-2016 11:50,38
02-29-2016 11:55,37
02-29-2016 12:00,38
02-29-2016 12:05,38
02-29-2016 12:10,38
02-29-2016 12:15,37
02-29-2016 12:20,34
02-29-2016 12:25,33
02-29-2016 12:30,36
02-29-2016 12:35,36
02-29-2016 12:40,35
02-29-2016 12:45,35
02-29-2016 12:50,35
02-29-2016 12:55,36
02-29-2016 13:00,37
02-29-2016 13:05,37
02-29-2016 13:10,37
02-29-2016 13:15,36
02-29-2016 13:20,36
02-29-2016 13:25,36
02-29-2016 13:30,34
02-29-2016 13:35,34
02-29-2016 13:40,35
02-29-2016 13:45,35
02-29-2016 13:50,37
02-29-2016 13:55,37
02-29-2016 14:00,32
02-29-2016 14:05,29
02-29-2016 14:10,29
02-29-2016 14:15,29
02-29-2016 14:20,29
02-29-2016 14:25,29
02-29-2016 14:30,29
02-29-2016 14:35,29
02-29-2016 14:40,29
02-29-2016 14:45,28
02-29-2016 14:50,26
02-29-2016 14:55,26
02-29-2016 15:00,26
02-29-2016 15:05,28
02-29-2016 15:10,34
02-29-2016 15:15,34
02-29-2016 15:20,36
02-29-2016 15:25,36
02-29-2016 15:30,36
02-29-2016 15:35,36
02-29-2016 15:40,32
02-29-2016 15:45,33
02-29-2016 15:50,29
02-29-2016 15:55,29
02-29-2016 16:00,29
02-29-2016 16:05,26
02-29-2016 16:10,22
02-29-2016 16:15,22
02-29-2016 16:20,22
02-29-2016 16:25,22
02-29-2016 16:30,22
02-29-2016 16:35,22
02-29-2016 16:40,22
02-29-2016 16:45,22
02-29-2016 16:50,22
02-29-2016 16:55,22
02-29-2016 17:00,22
02-29-2016 17:05,22
02-29-2016 17:10,22
02-29-2016 17:15,23
02-29-2016 17:20,23
02-29-2016 17:25,24
02-29-2016 17:30,24
02-29-2016 17:35,24
02-29-2016 17:40,24
02-29-2016 17:45,24
02-29-2016 17:50,24
02-29-2016 17:55,24
02-29-2016 18:00,23
02-29-2016 18:05,23
02-29-2016 18:10,23
02-29-2016 18:15,23
02-29-2016 18:20,23
02-29-2016 18:25,23
02-29-2016 18:30,23
02-29-2016 18:35,23
02-29-2016 18:40,23
02-29-2016 18:45,23
02-29-2016 18:50,23
02-29-2016 18:55,23
02-29-2016 19:00,24
02-29-2016 19:05,24
02-29-2016 19:10,24
02-29-2016 19:15,24
02-29-2016 19:20,24
02-29-2016 19:25,24
02-29-2016 19:30,24
02-29-2016 19:35,25
02-29-2016 19:40,25
02-29-2016 19:45,25
02-29-2016 19:50,24
02-29-2016 19:55,24
02-29-2016 20:00,25
02-29-2016 20:05,25
02-29-2016 20:10,25
02-29-2016 20:15,25
02-29-2016 20:20,25
02-29-2016 20:25,25
02-29-2016 20:30,25
02-29-2016 20:35,25
02-29-2016 20:40,25
02-29-2016 20:45,25
02-29-2016 20:50,25
02-29-2016 20:55,25
02-29-2016 21:00,25
02-29-2016 21:05,25
02-29-2016 21:10,25
02-29-2016 21:15,25
02-29-2016 21:20,25
02-29-2016 21:25,25
02-29-2016 21:30,25
02-29-2016 21:35,25
02-29-2016 21:40,25
02-29-2016 21:45,25
02-29-2016 21:50,25
02-29-2016 21:55,26
02-29-2016 22:00,26
02-29-2016 22:05,26
02-29-2016 22:10,26
02-29-2016 22:15,26
02-29-2016 22:20,26
02-29-2016 22:25,26
02-29-2016 22:30,26
02-29-2016 22:35,26
02-29-2016 22:40,26
02-29-2016 22:45,26
02-29-2016 22:50,26
02-29-2016 22:55,26
02-29-2016 23:00,26
02-29-2016 23:05,26
02-29-2016 23:10,26
02-29-2016 23:15,26
02-29-2016 23:20,26
02-29-2016 23:25,26
02-29-2016 23:30,26
02-29-2016 23:35,26
02-29-2016 23:40,26
02-29-2016 23:45,26
02-29-2016 23:50,26
02-29-2016 23:55,26
03-01-2016 00:00,26
03-01-2016 00:05,26
03-01-2016 00:10,26
03-01-2016 00:15,26
03-01-2016 00:20,26
03-01-2016 00:25,26
03-01-2016 00:30,26
03-01-2016 00:35,26
03-01-2016 00:40,26
03-01-2016 00:45,26
03-01-2016 00:50,26
03-01-2016 00:55,26
03-01-2016 01:00,26
03-01-2016 01:05,26
03-01-2016 01:10,26
03-01-2016 01:15,26
03-01-2016 01:20,26
03-01-2016 01:25,26
03-01-2016 01:30,26
03-01-2016 01:35,26
03-01-2016 01:40,26
03-01-2016 01:45,26
03-01-2016 01:50,26
03-01-2016 01:55,26
03-01-2016 02:00,26
03-01-2016 02:05,26
03-01-2016 02:10,26
03-01-2016 02:15,26
03-01-2016 02:20,26
03-01-2016 02:25,26
03-01-2016 02:30,26
03-01-2016 02:35,26
03-01-2016 02:40,26
03-01-2016 02:45,26
03-01-2016 02:50,26
03-01-2016 02:55,26
03-01-2016 03:00,26
03-01-2016 03:05,26
03-01-2016 03:10,26
03-01-2016 03:15,26
03-01-2016 03:20,26
03-01-2016 03:25,26
03-01-2016 03:30,26
03-01-2016 03:35,25
03-01-2016 03:40,25
03-01-2016 03:45,25
03-01-2016 03:50,25
03-01-2016 03:55,25
03-01-2016 04:00,25
03-01-2016 04:05,25
03-01-2016 04:10,25
03-01-2016 04:15,26
03-01-2016 04:20,26
03-01-2016 04:25,26
03-01-2016 04:30,26
03-01-2016 04:35,26
03-01-2016 04:40,26
03-01-2016 04:45,26
03-01-2016 04:50,26
03-01-2016 04:55,26
03-01-2016 05:00,28
03-01-2016 05:05,28
03-01-2016 05:10,28
03-01-2016 05:15,32
03-01-2016 05:20,32
03-01-2016 05:25,32
03-01-2016 05:30,31
03-01-2016 05:35,31
03-01-2016 05:40,31
03-01-2016 05:45,32
03-01-2016 05:50,32
03-01-2016 05:55,32
03-01-2016 06:00,32
03-01-2016 06:05,32
03-01-2016 06:10,32
03-01-2016 06:15,32
03-01-2016 06:20,32
03-01-2016 06:25,32
03-01-2016 06:30,32
03-01-2016 06:35,32
03-01-2016 06:40,32
03-01-2016 06:45,31
03-01-2016 06:50,31
03-01-2016 06:55,31
03-01-2016 07:00,31
03-01-2016 07:05,29
03-01-2016 07:10,29
03-01-2016 07:15,29
03-01-2016 07:20,33
03-01-2016 07:25,33
03-01-2016 07:30,33
03-01-2016 07:35,33
03-01-2016 07:40,32
03-01-2016 07:45,32
03-01-2016 07:50,32
03-01-2016 07:55,31
03-01-2016 08:00,30
03-01-2016 08:05,31
03-01-2016 08:10,31
03-01-2016 08:15,30
03-01-2016 08:20,30
03-01-2016 08:25,32
03-01-2016 08:30,32
03-01-2016 08:35,33
03-01-2016 08:40,33
03-01-2016 08:45,33
03-01-2016 08:50,34
03-01-2016 08:55,34
03-01-2016 09:00,33
03-01-2016 09:05,33
03-01-2016 09:10,34
03-01-2016 09:15,33
03-01-2016 09:20,34
03-01-2016 09:25,35
03-01-2016 09:30,35
03-01-2016 09:35,35
03-01-2016 09:40,36
03-01-2016 09:45,36
03-01-2016 09:50,36
03-01-2016 09:55,36
03-01-2016 10:00,35
03-01-2016 10:05,36
03-01-2016 10:10,36
03-01-2016 10:15,37
03-01-2016 10:20,35
03-01-2016 10:25,34
03-01-2016 10:30,34
03-01-2016 10:35,35
03-01-2016 10:40,35
03-01-2016 10:45,37
03-01-2016 10:50,37
03-01-2016 10:55,37
03-01-2016 11:00,36
03-01-2016 11:05,36
03-01-2016 11:10,35
03-01-2016 11:15,36
03-01-2016 11:20,36
03-01-2016 11:25,34
03-01-2016 11:30,33
03-01-2016 11:35,33
03-01-2016 11:40,34
03-01-2016 11:45,33
03-01-2016 11:50,35
03-01-2016 11:55,38
03-01-2016 12:00,37
03-01-2016 12:05,38
03-01-2016 12:10,36
03-01-2016 12:15,37
03-01-2016 12:20,38
03-01-2016 12:25,39
03-01-2016 12:30,39
03-01-2016 12:35,39
03-01-2016 12:40,39
03-01-2016 12:45,39
03-01-2016 12:50,37
03-01-2016 12:55,38
03-01-2016 13:00,31
03-01-2016 13:05,32
03-01-2016 13:10,32
03-01-2016 13:15,31
03-01-2016 13:20,31
03-01-2016 13:25,30
03-01-2016 13:30,32
03-01-2016 13:35,32
03-01-2016 13:40,30
03-01-2016 13:45,32
03-01-2016 13:50,32
03-01-2016 13:55,32
03-01-2016 14:00,31
03-01-2016 14:05,31
03-01-2016 14:10,31
03-01-2016 14:15,31
03-01-2016 14:20,31
03-01-2016 14:25,31
03-01-2016 14:30,31
03-01-2016 14:35,31
03-01-2016 14:40,31
03-01-2016 14:45,31
03-01-2016 14:50,30
03-01-2016 14:55,31
03-01-2016 15:00,31
03-01-2016 15:05,30
03-01-2016 15:10,31
03-01-2016 15:15,37
03-01-2016 15:20,39
03-01-2016 15:25,40
03-01-2016 15:30,38
03-01-2016 15:35,38
03-01-2016 15:40,37
03-01-2016 15:45,37
03-01-2016 15:50,36
03-01-2016 15:55,34
03-01-2016 16:00,34
03-01-2016 16:05,33
03-01-2016 16:10,29
03-01-2016 16:15,29
03-01-2016 16:20,29
03-01-2016 16:25,29
03-01-2016 16:30,29
03-01-2016 16:35,29
03-01-2016 16:40,29
03-01-2016 16:45,29
03-01-2016 16:50,29
03-01-2016 16:55,29
03-01-2016 17:00,29
03-01-2016 17:05,28
03-01-2016 17:10,28
03-01-2016 17:15,27
03-01-2016 17:20,27
03-01-2016 17:25,27
03-01-2016 17:30,27
03-01-2016 17:35,27
03-01-2016 17:40,27
03-01-2016 17:45,27
03-01-2016 17:50,27
03-01-2016 17:55,28
03-01-2016 18:00,28
03-01-2016 18:05,29
03-01-2016 18:10,28
03-01-2016 18:15,28
03-01-2016 18:20,28
03-01-2016 18:25,28
03-01-2016 18:30,28
03-01-2016 18:35,28
03-01-2016 18:40,28
03-01-2016 18:45,28
03-01-2016 18:50,29
03-01-2016 18:55,29
03-01-2016 19:00,29
03-01-2016 19:05,29
03-01-2016 19:10,30
03-01-2016 19:15,30
03-01-2016 19:20,31
03-01-2016 19:25,31
03-01-2016 19:30,31
03-01-2016 19:35,31
03-01-2016 19:40,31
03-01-2016 19:45,31
03-01-2016 19:50,31
03-01-2016 19:55,31
03-01-2016 20:00,31
03-01-2016 20:05,31
03-01-2016 20:10,31
03-01-2016 20:15,31
03-01-2016 20:20,31
03-01-2016 20:25,31
03-01-2016 20:30,30
03-01-2016 20:35,30
03-01-2016 20:40,29
03-01-2016 20:45,29
03-01-2016 20:50,29
03-01-2016 20:55,29
03-01-2016 21:00,29
03-01-2016 21:05,29
03-01-2016 21:10,29
03-01-2016 21:15,31
03-01-2016 21:20,31
03-01-2016 21:25,31
03-01-2016 21:30,31
03-01-2016 21:35,31
03-01-2016 21:40,31
03-01-2016 21:45,31
03-01-2016 21:50,31
03-01-2016 21:55,31
03-01-2016 22:00,31
03-01-2016 22:05,30
03-01-2016 22:10,30
03-01-2016 22:15,30
03-01-2016 22:20,31
03-01-2016 22:25,31
03-01-2016 22:30,32
03-01-2016 22:35,32
03-01-2016 22:40,32
03-01-2016 22:45,32
03-01-2016 22:50,32
03-01-2016 22:55,32
03-01-2016 23:00,32
03-01-2016 23:05,32
03-01-2016 23:10,32
03-01-2016 23:15,32
03-01-2016 23:20,31
03-01-2016 23:25,32
03-01-2016 23:30,32
03-01-2016 23:35,32
03-01-2016 23:40,32
03-01-2016 23:45,32
03-01-2016 23:50,32
03-01-2016 23:55,32
03-02-2016 00:00,32
03-02-2016 00:05,32
03-02-2016 00:10,32
03-02-2016 00:15,32
03-02-2016 00:20,32
03-02-2016 00:25,32
03-02-2016 00:30,32
03-02-2016 00:35,32
03-02-2016 00:40,32
03-02-2016 00:45,32
03-02-2016 00:50,32
03-02-2016 00:55,32
03-02-2016 01:00,32
03-02-2016 01:05,31
03-02-2016 01:10,31
03-02-2016 01:15,31
03-02-2016 01:20,31
03-02-2016 01:25,31
03-02-2016 01:30,31
03-02-2016 01:35,31
03-02-2016 01:40,31
03-02-2016 01:45,30
03-02-2016 01:50,30
03-02-2016 01:55,30
03-02-2016 02:00,30
03-02-2016 02:05,15
03-02-2016 02:10,15
03-02-2016 02:15,16
03-02-2016 02:20,15
03-02-2016 02:25,14
03-02-2016 02:30,14
03-02-2016 02:35,14
03-02-2016 02:40,14
03-02-2016 02:45,14
03-02-2016 02:50,14
03-02-2016 02:55,14
03-02-2016 03:00,14
03-02-2016 03:05,14
03-02-2016 03:10,14
03-02-2016 03:15,14
03-02-2016 03:20,14
03-02-2016 03:25,14
03-02-2016 03:30,14
03-02-2016 03:35,14
03-02-2016 03:40,14
03-02-2016 03:45,14
03-02-2016 03:50,14
03-02-2016 03:55,14
03-02-2016 04:00,14
03-02-2016 04:05,14
03-02-2016 04:10,14
03-02-2016 04:15,14
03-02-2016 04:20,14
03-02-2016 04:25,14
03-02-2016 04:30,14
03-02-2016 04:35,14
03-02-2016 04:40,14
03-02-2016 04:45,14
03-02-2016 04:50,14
03-02-2016 04:55,14
03-02-2016 05:00,15
03-02-2016 05:05,15
03-02-2016 05:10,18
03-02-2016 05:15,18
03-02-2016 05:20,18
03-02-2016 05:25,18
03-02-2016 05:30,19
03-02-2016 05:35,19
03-02-2016 05:40,20
03-02-2016 05:45,22
03-02-2016 05:50,22
03-02-2016 05:55,22
03-02-2016 06:00,22
03-02-2016 06:05,23
03-02-2016 06:10,23
03-02-2016 06:15,23
03-02-2016 06:20,23
03-02-2016 06:25,24
03-02-2016 06:30,24
03-02-2016 06:35,24
03-02-2016 06:40,25
03-02-2016 06:45,24
03-02-2016 06:50,25
03-02-2016 06:55,24
03-02-2016 07:00,25
03-02-2016 07:05,25
03-02-2016 07:10,25
03-02-2016 07:15,25
03-02-2016 07:20,25
03-02-2016 07:25,27
03-02-2016 07:30,26
03-02-2016 07:35,26
03-02-2016 07:40,26
03-02-2016 07:45,29
03-02-2016 07:50,29
03-02-2016 07:55,28
03-02-2016 08:00,27
03-02-2016 08:05,27
03-02-2016 08:10,28
03-02-2016 08:15,28
03-02-2016 08:20,28
03-02-2016 08:25,28
03-02-2016 08:30,28
03-02-2016 08:35,28
03-02-2016 08:40,27
03-02-2016 08:45,28
03-02-2016 08:50,30
03-02-2016 08:55,31
03-02-2016 09:00,30
03-02-2016 09:05,29
03-02-2016 09:10,29
03-02-2016 09:15,29
03-02-2016 09:20,29
03-02-2016 09:25,32
03-02-2016 09:30,32
03-02-2016 09:35,32
03-02-2016 09:40,32
03-02-2016 09:45,30
03-02-2016 09:50,31
03-02-2016 09:55,31
03-02-2016 10:00,31
03-02-2016 10:05,31
03-02-2016 10:10,30
03-02-2016 10:15,31
03-02-2016 10:20,31
03-02-2016 10:25,32
03-02-2016 10:30,33
03-02-2016 10:35,33
03-02-2016 10:40,32
03-02-2016 10:45,32
03-02-2016 10:50,33
03-02-2016 10:55,33
03-02-2016 11:00,34
03-02-2016 11:05,34
03-02-2016 11:10,34
03-02-2016 11:15,33
03-02-2016 11:20,32
03-02-2016 11:25,33
03-02-2016 11:30,33
03-02-2016 11:35,33
03-02-2016 11:40,33
03-02-2016 11:45,36
03-02-2016 11:50,37
03-02-2016 11:55,37
03-02-2016 12:00,37
03-02-2016 12:05,37
03-02-2016 12:10,33
03-02-2016 12:15,32
03-02-2016 12:20,33
03-02-2016 12:25,34
03-02-2016 12:30,35
03-02-2016 12:35,34
03-02-2016 12:40,34
03-02-2016 12:45,34
03-02-2016 12:50,33
03-02-2016 12:55,35
03-02-2016 13:00,34
03-02-2016 13:05,32
03-02-2016 13:10,31
03-02-2016 13:15,32
03-02-2016 13:20,31
03-02-2016 13:25,31
03-02-2016 13:30,31
03-02-2016 13:35,30
03-02-2016 13:40,32
03-02-2016 13:45,32
03-02-2016 13:50,33
03-02-2016 13:55,33
03-02-2016 14:00,33
03-02-2016 14:05,30
03-02-2016 14:10,30
03-02-2016 14:15,30
03-02-2016 14:20,30
03-02-2016 14:25,30
03-02-2016 14:30,30
03-02-2016 14:35,30
03-02-2016 14:40,31
03-02-2016 14:45,31
03-02-2016 14:50,31
03-02-2016 14:55,32
03-02-2016 15:00,32
03-02-2016 15:05,32
03-02-2016 15:10,31
03-02-2016 15:15,31
03-02-2016 15:20,32
03-02-2016 15:25,31
03-02-2016 15:30,30
03-02-2016 15:35,30
03-02-2016 15:40,30
03-02-2016 15:45,29
03-02-2016 15:50,29
03-02-2016 15:55,29
03-02-2016 16:00,29
03-02-2016 16:05,28
03-02-2016 16:10,23
03-02-2016 16:15,19
03-02-2016 16:20,19
03-02-2016 16:25,19
03-02-2016 16:30,19
03-02-2016 16:35,19
03-02-2016 16:40,19
03-02-2016 16:45,20
03-02-2016 16:50,20
03-02-2016 16:55,19
03-02-2016 17:00,19
03-02-2016 17:05,19
03-02-2016 17:10,20
03-02-2016 17:15,20
03-02-2016 17:20,20
03-02-2016 17:25,20
03-02-2016 17:30,19
03-02-2016 17:35,19
03-02-2016 17:40,19
03-02-2016 17:45,19
03-02-2016 17:50,19
03-02-2016 17:55,19
03-02-2016 18:00,19
03-02-2016 18:05,19
03-02-2016 18:10,19
03-02-2016 18:15,18
03-02-2016 18:20,18
03-02-2016 18:25,18
03-02-2016 18:30,18
03-02-2016 18:35,18
03-02-2016 18:40,17
03-02-2016 18:45,17
03-02-2016 18:50,18
03-02-2016 18:55,18
03-02-2016 19:00,18
03-02-2016 19:05,19
03-02-2016 19:10,19
03-02-2016 19:15,19
03-02-2016 19:20,19
03-02-2016 19:25,19
03-02-2016 19:30,19
03-02-2016 19:35,19
03-02-2016 19:40,19
03-02-2016 19:45,19
03-02-2016 19:50,19
03-02-2016 19:55,19
03-02-2016 20:00,19
03-02-2016 20:05,19
03-02-2016 20:10,19
03-02-2016 20:15,19
03-02-2016 20:20,19
03-02-2016 20:25,19
03-02-2016 20:30,19
03-02-2016 20:35,19
03-02-2016 20:40,19
03-02-2016 20:45,19
03-02-2016 20:50,19
03-02-2016 20:55,19
03-02-2016 21:00,19
03-02-2016 21:05,19
03-02-2016 21:10,19
03-02-2016 21:15,19
03-02-2016 21:20,19
03-02-2016 21:25,23
03-02-2016 21:30,21
03-02-2016 21:35,22
03-02-2016 21:40,19
03-02-2016 21:45,19
03-02-2016 21:50,19
03-02-2016 21:55,19
03-02-2016 22:00,19
03-02-2016 22:05,18
03-02-2016 22:10,18
03-02-2016 22:15,18
03-02-2016 22:20,18
03-02-2016 22:25,18
03-02-2016 22:30,18
03-02-2016 22:35,18
03-02-2016 22:40,18
03-02-2016 22:45,18
03-02-2016 22:50,18
03-02-2016 22:55,18
03-02-2016 23:00,18
03-02-2016 23:05,18
03-02-2016 23:10,18
03-02-2016 23:15,18
03-02-2016 23:20,18
03-02-2016 23:25,18
03-02-2016 23:30,19
03-02-2016 23:35,19
03-02-2016 23:40,19
03-02-2016 23:45,19
03-02-2016 23:50,19
03-02-2016 23:55,19
03-03-2016 00:00,19
03-03-2016 00:05,19
03-03-2016 00:10,19
03-03-2016 00:15,19
03-03-2016 00:20,19
03-03-2016 00:25,19
03-03-2016 00:30,19
03-03-2016 00:35,19
03-03-2016 00:40,19
03-03-2016 00:45,19
03-03-2016 00:50,19
03-03-2016 00:55,19
03-03-2016 01:00,19
03-03-2016 01:05,19
03-03-2016 01:10,19
03-03-2016 01:15,19
03-03-2016 01:20,19
03-03-2016 01:25,19
03-03-2016 01:30,19
03-03-2016 01:35,19
03-03-2016 01:40,19
03-03-2016 01:45,19
03-03-2016 01:50,19
03-03-2016 01:55,19
03-03-2016 02:00,19
03-03-2016 02:05,19
03-03-2016 02:10,19
03-03-2016 02:15,19
03-03-2016 02:20,19
03-03-2016 02:25,19
03-03-2016 02:30,19
03-03-2016 02:35,19
03-03-2016 02:40,19
03-03-2016 02:45,19
03-03-2016 02:50,19
03-03-2016 02:55,19
03-03-2016 03:00,19
03-03-2016 03:05,18
03-03-2016 03:10,18
03-03-2016 03:15,18
03-03-2016 03:20,18
03-03-2016 03:25,18
03-03-2016 03:30,18
03-03-2016 03:35,18
03-03-2016 03:40,18
03-03-2016 03:45,18
03-03-2016 03:50,18
03-03-2016 03:55,18
03-03-2016 04:00,18
03-03-2016 04:05,18
03-03-2016 04:10,18
03-03-2016 04:15,18
03-03-2016 04:20,18
03-03-2016 04:25,18
03-03-2016 04:30,19
03-03-2016 04:35,19
03-03-2016 04:40,19
03-03-2016 04:45,19
03-03-2016 04:50,19
03-03-2016 04:55,19
03-03-2016 05:00,19
03-03-2016 05:05,19
03-03-2016 05:10,19
03-03-2016 05:15,19
03-03-2016 05:20,23
03-03-2016 05:25,23
03-03-2016 05:30,25
03-03-2016 05:35,25
03-03-2016 05:40,25
03-03-2016 05:45,25
03-03-2016 05:50,25
03-03-2016 05:55,25
03-03-2016 06:00,25
03-03-2016 06:05,25
03-03-2016 06:10,25
03-03-2016 06:15,25
03-03-2016 06:20,25
03-03-2016 06:25,25
03-03-2016 06:30,26
03-03-2016 06:35,26
03-03-2016 06:40,27
03-03-2016 06:45,27
03-03-2016 06:50,27
03-03-2016 06:55,27
03-03-2016 07:00,25
03-03-2016 07:05,26
03-03-2016 07:10,27
03-03-2016 07:15,27
03-03-2016 07:20,27
03-03-2016 07:25,27
03-03-2016 07:30,28
03-03-2016 07:35,28
03-03-2016 07:40,27
03-03-2016 07:45,28
03-03-2016 07:50,28
03-03-2016 07:55,28
03-03-2016 08:00,27
03-03-2016 08:05,28
03-03-2016 08:10,28
03-03-2016 08:15,28
03-03-2016 08:20,28
03-03-2016 08:25,28
03-03-2016 08:30,27
03-03-2016 08:35,28
